{"data":{"packages":{"2373bbcf94c1b893dad48961d0a2d086":[{"content":{"99hdf.com":[{"pattern":"^https?:\\/\\/([0-9A-Za-z_\\-]+\\.)?99hdf\\.com\\/","group":"private","included_methods":["getCurrentLocation","getCurrentGCJLocation"],"excluded_methods":[]}],"amemv.com":[{"pattern":"^https?:\\/\\/([0-9A-Za-z_\\-]+\\.)?amemv\\.com\\/","group":"private","included_methods":["getCurrentLocation","getCurrentGCJLocation"],"excluded_methods":[]}],"baike.com":[{"pattern":"^https?:\\/\\/m\\.baike\\.com\\/","group":"public","included_methods":["openSchema","downloadMedia","userInfo","fetch","gallery","showToast","share","fileSelection","darkMode","x.downloadFile","x.hideLoading","x.reportAppLog","x.request","x.open","x.getAppInfo","x.getStorageItem","webviewControl"],"excluded_methods":["getCurrentLocation","getCurrentGCJLocation"]}],"baohuaxia.com":[{"pattern":"^https?:\\/\\/([0-9A-Za-z_\\-]+\\.)?baohuaxia\\.com\\/","group":"private","included_methods":["getCurrentLocation","getCurrentGCJLocation"],"excluded_methods":[]},{"pattern":"^https?:\\/\\/inf\\.baohuaxia\\.com\\/","group":"private","included_methods":["getCurrentLocation"],"excluded_methods":["getCurrentGCJLocation"]},{"pattern":"^https?:\\/\\/pf\\.baohuaxia\\.com\\/","group":"private","included_methods":["getCurrentLocation"],"excluded_methods":["getCurrentGCJLocation"]},{"pattern":"^https?:\\/\\/center\\.baohuaxia\\.com\\/","group":"private","included_methods":["getCurrentLocation"],"excluded_methods":["getCurrentGCJLocation"]}],"bytecdn.cn":[{"pattern":"^https?:\\/\\/([0-9A-Za-z_\\-]+\\.)?s3b\\.bytecdn\\.cn\\/","group":"private","included_methods":["getCurrentLocation","getCurrentGCJLocation"],"excluded_methods":[]},{"pattern":"^https?:\\/\\/([0-9A-Za-z_\\-]+\\.)?3\\.bytecdn\\.cn\\/","group":"private","included_methods":["getCurrentLocation","getCurrentGCJLocation"],"excluded_methods":[]},{"pattern":"^https?:\\/\\/([0-9A-Za-z_\\-]+\\.)?s3\\.bytecdn\\.cn\\/","group":"private","included_methods":["getCurrentLocation","getCurrentGCJLocation"],"excluded_methods":[]},{"pattern":"^https?:\\/\\/([0-9A-Za-z_\\-]+\\.)?s3a\\.bytecdn\\.cn\\/","group":"private","included_methods":["getCurrentLocation","getCurrentGCJLocation"],"excluded_methods":[]}],"byted.org":[{"pattern":"^https?:\\/\\/tosv\\.byted\\.org\\/","group":"private","included_methods":["getCurrentLocation","getCurrentGCJLocation"],"excluded_methods":[]}],"bytedance.com":[{"pattern":"^https?:\\/\\/webim\\.bytedance\\.com\\/","group":"private","included_methods":["getCurrentLocation","getCurrentGCJLocation"],"excluded_methods":[]},{"pattern":"^https?:\\/\\/adshow\\.bytedance\\.com\\/","group":"private","included_methods":["getCurrentLocation","getCurrentGCJLocation"],"excluded_methods":[]},{"pattern":"^https?:\\/\\/admin\\.bytedance\\.com\\/","group":"private","included_methods":["getCurrentLocation","getCurrentGCJLocation"],"excluded_methods":[]},{"pattern":"^https?:\\/\\/ngcc\\.bytedance\\.com\\/","group":"private","included_methods":["getCurrentLocation","getCurrentGCJLocation"],"excluded_methods":[]},{"pattern":"^https?:\\/\\/carter-app\\.bytedance\\.com\\/","group":"private","included_methods":["getCurrentLocation","getCurrentGCJLocation"],"excluded_methods":[]},{"pattern":"^https?:\\/\\/helpdesk\\.bytedance\\.com\\/","group":"private","included_methods":["getCurrentLocation","getCurrentGCJLocation"],"excluded_methods":[]},{"pattern":"^https?:\\/\\/([0-9A-Za-z_\\-]+\\.)?live\\.bytedance\\.com\\/","group":"private","included_methods":["getCurrentLocation","getCurrentGCJLocation"],"excluded_methods":[]},{"pattern":"^https?:\\/\\/pickad\\.bytedance\\.com\\/","group":"private","included_methods":["getCurrentLocation","getCurrentGCJLocation"],"excluded_methods":[]},{"pattern":"^https?:\\/\\/aweme-lab\\.bytedance\\.com\\/","group":"private","included_methods":["getCurrentLocation","getCurrentGCJLocation"],"excluded_methods":[]},{"pattern":"^https?:\\/\\/summon\\.bytedance\\.com\\/","group":"private","included_methods":["getCurrentLocation","getCurrentGCJLocation"],"excluded_methods":[]},{"pattern":"^https?:\\/\\/([0-9A-Za-z_\\-]+\\.)?qn-activity\\.bytedance\\.com\\/","group":"private","included_methods":["getCurrentLocation","getCurrentGCJLocation"],"excluded_methods":[]},{"pattern":"^https?:\\/\\/welfare\\.bytedance\\.com\\/","group":"private","included_methods":["getCurrentLocation","getCurrentGCJLocation"],"excluded_methods":[]},{"pattern":"^https?:\\/\\/kefu\\.bytedance\\.com\\/rangermobile","group":"public","included_methods":["fetch","open","showToast","openSchema","userInfo","appInfo","close"],"excluded_methods":[]},{"pattern":"^https?:\\/\\/mmm\\.bytedance\\.com\\/","group":"public","included_methods":["x.open","appInfo"],"excluded_methods":[]},{"pattern":"^https?:\\/\\/activity\\.bytedance\\.com\\/","group":"public","included_methods":["x.open","appInfo"],"excluded_methods":[]},{"pattern":"^https?:\\/\\/mmm\\.bytedance\\.com\\/material_activity","group":"public","included_methods":["fetch","x.open","appInfo"],"excluded_methods":[]},{"pattern":"^https?:\\/\\/activity\\.bytedance\\.com\\/material_activity","group":"public","included_methods":["fetch","x.open","appInfo","openAweme","openSchema"],"excluded_methods":[]},{"pattern":"^https?:\\/\\/armor\\.bytedance\\.com\\/ug\\/armor\\/","group":"private","included_methods":["getCurrentLocation","getCurrentGCJLocation"],"excluded_methods":[]},{"pattern":"^https?:\\/\\/armor\\.bytedance\\.com\\/","group":"private","included_methods":["getCurrentLocation","getCurrentGCJLocation"],"excluded_methods":[]},{"pattern":"^https?:\\/\\/v2-videoarch\\.bytedance\\.com\\/v2-web","group":"public","included_methods":["x.chooseMedia","ecChooseMedia","downloadMedia","openSchema"],"excluded_methods":["getCurrentLocation","getCurrentGCJLocation"]},{"pattern":"^https?:\\/\\/luntan\\.bytedance\\.com\\/","group":"public","included_methods":["userInfo","x.getUserInfo","x.getAppInfo","appInfo","openSchema","openAweme","fetch","showToast","x.showToast","x.close","fileSelection"],"excluded_methods":["getCurrentLocation","getCurrentGCJLocation"]},{"pattern":"^https?:\\/\\/ad-experience\\.bytedance\\.com\\/aweme_ad_complaint_landing_page","group":"public","included_methods":["x.getAppInfo","x.getSettings","setCard","getPageData","cardStatus","adInfo","subscribe_app_ad","sendAdLog","download_app_ad","download_click","cardClick","openLightLandingPage","appInfo","closeAdModal","fileSelection","gallery","x.showToast","fetch","x.getUserInfo","openSchema"],"excluded_methods":["getCurrentLocation","getCurrentGCJLocation"]},{"pattern":"^https?:\\/\\/ad-experience\\.bytedance\\.com\\/aweme_ad_complaint_submit","group":"public","included_methods":["x.getAppInfo","x.getSettings","setCard","getPageData","cardStatus","adInfo","subscribe_app_ad","sendAdLog","download_app_ad","download_click","cardClick","openLightLandingPage","appInfo","closeAdModal","fileSelection","gallery","x.showToast","fetch","x.getUserInfo","openSchema"],"excluded_methods":["getCurrentLocation","getCurrentGCJLocation"]},{"pattern":"^https?:\\/\\/ad-experience\\.bytedance\\.com\\/falcon\\/fe_douyin_ad_react\\/","group":"private","included_methods":[],"excluded_methods":["getCurrentLocation","getCurrentGCJLocation"]},{"pattern":"^https?:\\/\\/ad-experience\\.bytedance\\.com\\/falcon\\/fe_ad_lynx\\/","group":"private","included_methods":[],"excluded_methods":["getCurrentLocation","getCurrentGCJLocation"]},{"pattern":"^https?:\\/\\/ad-experience\\.bytedance\\.com\\/ads\\/explain","group":"private","included_methods":[],"excluded_methods":["getCurrentLocation","getCurrentGCJLocation"]},{"pattern":"^https?:\\/\\/ad-experience\\.bytedance\\.com\\/ad\\/bes_mono\\/experience\\/feedback\\/","group":"private","included_methods":[],"excluded_methods":["getCurrentLocation","getCurrentGCJLocation"]},{"pattern":"^https?:\\/\\/libra\\.bytedance\\.com\\/libra_mt","group":"public","included_methods":["x.getAppInfo","x.getUserInfo"],"excluded_methods":["getCurrentLocation","getCurrentGCJLocation"]}],"bytedance.net":[{"pattern":"^https?:\\/\\/webim-test\\.bytedance\\.net\\/","group":"private","included_methods":["getCurrentLocation","getCurrentGCJLocation"],"excluded_methods":[]},{"pattern":"^https?:\\/\\/adshow-test\\.bytedance\\.net\\/","group":"private","included_methods":["getCurrentLocation","getCurrentGCJLocation"],"excluded_methods":[]},{"pattern":"^https?:\\/\\/lm-t1\\.bytedance\\.net\\/","group":"private","included_methods":["getCurrentLocation","getCurrentGCJLocation"],"excluded_methods":[]},{"pattern":"^https?:\\/\\/([0-9A-Za-z_\\-]+\\.)?renzheng-douyin-boe\\.bytedance\\.net\\/","group":"private","included_methods":["getCurrentLocation","getCurrentGCJLocation"],"excluded_methods":[]}],"bytegecko.com":[{"pattern":"^https?:\\/\\/lf-dy-sourcecdn-tos\\.bytegecko\\.com\\/obj\\/byte-gurd-source","group":"private","included_methods":["getCurrentLocation","getCurrentGCJLocation"],"excluded_methods":[]},{"pattern":"^https?:\\/\\/lf-webcast-sourcecdn-tos\\.bytegecko\\.com\\/obj\\/byte-gurd-source\\/webcast","group":"private","included_methods":["getCurrentLocation","getCurrentGCJLocation"],"excluded_methods":[]},{"pattern":"^https?:\\/\\/lf-webcast-sourcecdn-tos\\.bytegecko\\.com\\/obj\\/byte-gurd-source\\/ies\\/wallet","group":"private","included_methods":["getCurrentLocation","getCurrentGCJLocation"],"excluded_methods":[]},{"pattern":"^https?:\\/\\/lf6-dy-cdn-tos\\.bytegecko\\.com\\/obj\\/byte-gurd-source\\/1325\\/gecko\\/resource\\/mp_live_lynx_groupon_list","group":"private","included_methods":["getCurrentLocation","getCurrentGCJLocation"],"excluded_methods":[]},{"pattern":"^https?:\\/\\/lf-dy-sourcecdn-tos\\.bytegecko\\.com\\/obj\\/byte-gurd-source\\/1325\\/gecko\\/resource\\/mp_live_lynx_webcast_activity","group":"private","included_methods":["getCurrentLocation","getCurrentGCJLocation"],"excluded_methods":[]},{"pattern":"^https?:\\/\\/lf-webcast-sourcecdn-tos\\.bytegecko\\.com\\/obj\\/byte-gurd-source\\/10181\\/gecko\\/resource\\/ecom_fe_promotion_h5_aweme\\/html\\/pages\\/brands\\/home\\/index\\.html","group":"public","included_methods":["openAwemeDetail","loadFeedsFlow","broadcast","videoStatusChange","loadFeeds"],"excluded_methods":[]},{"pattern":"^https?:\\/\\/lf-webcast-sourcecdn-tos\\.bytegecko\\.com\\/obj\\/byte-gurd-source\\/10181\\/gecko\\/resource\\/ecom_fe_promotion_h5_aweme\\/html\\/pages\\/brands\\/detail\\/index\\.html","group":"public","included_methods":["loadFeeds","openAwemeDetail","loadFeedsFlow","broadcast","videoStatusChange"],"excluded_methods":[]},{"pattern":"^https?:\\/\\/lf-webcast-sourcecdn-tos\\.bytegecko\\.com\\/obj\\/byte-gurd-source\\/ies\\/wallet\\/falcon\\/wallet_h5_douyin\\/page\\/exchange_cash_v2\\/index\\.html","group":"public","included_methods":["ttcjpay.ttpay"],"excluded_methods":["getCurrentLocation","getCurrentGCJLocation"]},{"pattern":"^https?:\\/\\/lf-webcast-sourcecdn-tos\\.bytegecko\\.com\\/obj\\/byte-gurd-source\\/10181\\/gecko\\/resource\\/ecom_webcast_legacy_aweme","group":"public","included_methods":["x.getStorageItem","x.setStorageItem","x.publishEvent","x.subscribeEvent"],"excluded_methods":["getCurrentLocation","getCurrentGCJLocation"]}],"bytegoofy.com":[{"pattern":"^https?:\\/\\/lf6-cdn2-tos\\.bytegoofy\\.com\\/ies\\/fe","group":"private","included_methods":["getCurrentLocation","getCurrentGCJLocation"],"excluded_methods":[]},{"pattern":"^https?:\\/\\/lf3-cdn-tos\\.bytegoofy\\.com\\/goofy\\/ad\\/search","group":"private","included_methods":["getCurrentLocation","getCurrentGCJLocation"],"excluded_methods":[]},{"pattern":"^https?:\\/\\/lf1-cdn-tos\\.bytegoofy\\.com\\/goofy\\/ad\\/search","group":"private","included_methods":["getCurrentLocation","getCurrentGCJLocation"],"excluded_methods":[]},{"pattern":"^https?:\\/\\/lf6-cdn-tos\\.bytegoofy\\.com\\/goofy\\/ad\\/search","group":"private","included_methods":["getCurrentLocation","getCurrentGCJLocation"],"excluded_methods":[]},{"pattern":"^https?:\\/\\/lf1-cdn-tos\\.bytegoofy\\.com\\/goofy\\/ad\\/static\\/card","group":"private","included_methods":["getCurrentLocation","getCurrentGCJLocation"],"excluded_methods":[]},{"pattern":"^https?:\\/\\/lf1-cdn-tos\\.bytegoofy\\.com\\/goofy\\/ies\\/fe\\/lego","group":"public","included_methods":["__prefetch","fetch","sendLogV3","getCurrentLocation","openRecord","appInfo","showToast","x.showToast","open_short_video","close","openAweme","share"],"excluded_methods":[]},{"pattern":"^https?:\\/\\/lf1-cdn-tos\\.bytegoofy\\.com\\/goofy\\/ies\\/resource\\/falcon\\/fe_lynx_business_webcast_activity","group":"private","included_methods":["getCurrentLocation","getCurrentGCJLocation"],"excluded_methods":[]},{"pattern":"^https?:\\/\\/lf3-cdn-tos\\.bytegoofy\\.com\\/goofy\\/ad\\/static\\/card","group":"private","included_methods":["getCurrentLocation","getCurrentGCJLocation"],"excluded_methods":[]},{"pattern":"^https?:\\/\\/lf3-cdn-tos\\.bytegoofy\\.com\\/goofy\\/bytecom\\/unity","group":"private","included_methods":["getCurrentLocation","getCurrentGCJLocation"],"excluded_methods":[]},{"pattern":"^https?:\\/\\/lf1-cdn-tos\\.bytegoofy\\.com\\/goofy\\/static\\/data\\/mp_live_lynx\\/lynx\\/","group":"private","included_methods":["getCurrentLocation","getCurrentGCJLocation"],"excluded_methods":[]},{"pattern":"^https?:\\/\\/lf1-cdn2-tos\\.bytegoofy\\.com\\/natto-star-plan\\/anchor_bear\\/index\\.html","group":"public","included_methods":["apiParam","x.getUserInfo"],"excluded_methods":["getCurrentLocation","getCurrentGCJLocation"]}],"byteintl.com":[{"pattern":"^https?:\\/\\/2022winterolympic\\.byteintl\\.com\\/sg","group":"private","included_methods":[],"excluded_methods":["getCurrentLocation","getCurrentGCJLocation"]}],"byteoc.com":[{"pattern":"^https?:\\/\\/([0-9A-Za-z_\\-]+\\.)?live\\.byteoc\\.com\\/","group":"private","included_methods":["getCurrentLocation","getCurrentGCJLocation"],"excluded_methods":[]},{"pattern":"^https?:\\/\\/live\\.byteoc\\.com\\/","group":"public","included_methods":["showToast","webviewControl","gallery","openHalfDialog","setTitle"],"excluded_methods":[]}],"byteoversea.com":[{"pattern":"^https?:\\/\\/([0-9A-Za-z_\\-]+\\.)?byteoversea\\.com\\/ee\\/sce","group":"private","included_methods":["getCurrentLocation","getCurrentGCJLocation"],"excluded_methods":[]}],"bytescm.com":[{"pattern":"^https?:\\/\\/lf1-cdn-tos\\.bytescm\\.com\\/obj\\/static\\/byted-uni","group":"private","included_methods":["getCurrentLocation","getCurrentGCJLocation"],"excluded_methods":[]},{"pattern":"^https?:\\/\\/lf-cdn-tos\\.bytescm\\.com\\/obj\\/static\\/ies\\/douyin_same_city_page","group":"public","included_methods":["fetch","showToast"],"excluded_methods":[]},{"pattern":"^https?:\\/\\/lf-cdn-tos\\.bytescm\\.com\\/obj\\/static\\/ies\\/douyin\\/groot\\/fe_lynx_groot_v1\\/web","group":"public","included_methods":["x.reportAppLog","openAweme","openAwemeDetail","x.request","x.showToast","x.login","x.getAppInfo","x.open","x.close","sendAdLog","x.reportADLog","x.vibrate","getNativeItem","setNativeItem","getContainerId","x.getContainerID","loadFeedsFlow"],"excluded_methods":[]},{"pattern":"^https?:\\/\\/lf-cdn-tos\\.bytescm\\.com\\/obj\\/static\\/ies\\/douyin_everyday_get_cash\\/index\\.html","group":"public","included_methods":["x.reportAppLog","x.showToast","showToast","openSchema","fetch","x.showModal","x.getUserInfo","x.getAppInfo","x.login","x.close"],"excluded_methods":[]},{"pattern":"^https?:\\/\\/lf3-cdn-tos\\.bytescm\\.com\\/obj\\/static\\/ies\\/douyin_everyday_get_cash\\/index\\.html","group":"public","included_methods":["x.reportAppLog","x.showToast","showToast","openSchema","fetch","x.showModal","x.getUserInfo","x.getAppInfo","x.login","x.close"],"excluded_methods":[]},{"pattern":"^https?:\\/\\/lf3-cdn-tos\\.bytescm\\.com\\/obj\\/static\\/ies\\/douyin_everyday_getcash\\/","group":"public","included_methods":["x.reportAppLog","x.showToast","showToast","openSchema","fetch","x.showModal","x.getUserInfo","x.getAppInfo","x.login","x.close"],"excluded_methods":[]},{"pattern":"^https?:\\/\\/lf-cdn-tos\\.bytescm\\.com\\/obj\\/static\\/ies\\/douyin_everyday_getcash\\/","group":"public","included_methods":["x.reportAppLog","x.showToast","showToast","openSchema","fetch","x.showModal","x.getUserInfo","x.getAppInfo","x.login","x.close"],"excluded_methods":[]},{"pattern":"^https?:\\/\\/([0-9A-Za-z_\\-]+\\.)?lf-cdn-tos\\.bytescm\\.com\\/obj\\/static\\/ife\\/webcast-activity","group":"private","included_methods":["getCurrentLocation","getCurrentGCJLocation"],"excluded_methods":[]},{"pattern":"^https?:\\/\\/lf-cdn-tos\\.bytescm\\.com\\/obj\\/static\\/\\/2022_newyear_report","group":"public","included_methods":["x.request","x.open","x.publishEvent","downloadMedia","x.close","x.getContainerID","x.canIUse","share","x.getStorageItem","x.setStorageItem","x.showToast","x.downloadFile","x.checkPermission","x.checkPermissionV2","x.openPermissionSettings","x.login","x.requestPermission","x.reportAppLog"],"excluded_methods":["getCurrentLocation","getCurrentGCJLocation"]},{"pattern":"^https?:\\/\\/lf3-cdn-tos\\.bytescm\\.com\\/obj\\/unity\\/search-ssr","group":"public","included_methods":["x.getAppInfo","x.getSettings","setCard","getPageData","cardStatus","adInfo","subscribe_app_ad","sendAdLog","download_app_ad","download_click","cardClick","openLightLandingPage","appInfo"],"excluded_methods":["getCurrentLocation","getCurrentGCJLocation"]},{"pattern":"^https?:\\/\\/lf3-cdn-tos\\.bytescm\\.com\\/obj\\/unity","group":"public","included_methods":["x.getAppInfo","x.getSettings","setCard","getPageData","cardStatus","adInfo","subscribe_app_ad","sendAdLog","download_app_ad","download_click","cardClick","openLightLandingPage","appInfo","closeAdModal"],"excluded_methods":["getCurrentLocation","getCurrentGCJLocation"]},{"pattern":"^https?:\\/\\/lf-cdn-tos\\.bytescm\\.com\\/obj\\/unity\\/search-ssr","group":"public","included_methods":["x.getAppInfo","x.getSettings","setCard","getPageData","cardStatus","adInfo","subscribe_app_ad","sendAdLog","download_app_ad","download_click","cardClick","openLightLandingPage","appInfo"],"excluded_methods":["getCurrentLocation","getCurrentGCJLocation"]},{"pattern":"^https?:\\/\\/lf-cdn-tos\\.bytescm\\.com\\/obj\\/unity","group":"public","included_methods":["x.getAppInfo","x.getSettings","setCard","getPageData","cardStatus","adInfo","subscribe_app_ad","sendAdLog","download_app_ad","download_click","cardClick","openLightLandingPage","appInfo","closeAdModal"],"excluded_methods":["getCurrentLocation","getCurrentGCJLocation"]},{"pattern":"^https?:\\/\\/lf1-cdn-tos\\.bytescm\\.com\\/obj\\/unity","group":"public","included_methods":["x.getAppInfo","x.getSettings","setCard","getPageData","cardStatus","adInfo","subscribe_app_ad","sendAdLog","download_app_ad","download_click","cardClick","openLightLandingPage","appInfo","closeAdModal"],"excluded_methods":["getCurrentLocation","getCurrentGCJLocation"]},{"pattern":"^https?:\\/\\/lf6-cdn-tos\\.bytescm\\.com\\/obj\\/unity","group":"public","included_methods":["x.getAppInfo","x.getSettings","setCard","getPageData","cardStatus","adInfo","subscribe_app_ad","sendAdLog","download_app_ad","download_click","cardClick","openLightLandingPage","appInfo"],"excluded_methods":["getCurrentLocation","getCurrentGCJLocation"]}],"bytetos.com":[{"pattern":"^https?:\\/\\/lf3-csp\\.bytetos\\.com\\/obj\\/ies-csp-resource\\/ies\\/summon_wap","group":"private","included_methods":["getCurrentLocation","getCurrentGCJLocation"],"excluded_methods":[]},{"pattern":"^https?:\\/\\/lf3-csp\\.bytetos\\.com\\/obj\\/ies-csp-resource\\/ies\\/cdn\\/summon_wap","group":"private","included_methods":["getCurrentLocation","getCurrentGCJLocation"],"excluded_methods":[]},{"pattern":"^https?:\\/\\/lf26-sec\\.bytetos\\.com\\/obj\\/cs-fraud-prevention\\/index\\.html","group":"public","included_methods":["sendLogV3"],"excluded_methods":[]},{"pattern":"^https?:\\/\\/lf3-sec\\.bytetos\\.com\\/obj\\/tooth-extraction-games\\/index\\.html","group":"public","included_methods":["sendLogV3"],"excluded_methods":["getCurrentLocation","getCurrentGCJLocation"]}],"capcut.net":[{"pattern":"^https?:\\/\\/([0-9A-Za-z_\\-]+\\.)?capcut\\.net\\/","group":"private","included_methods":["getCurrentLocation","getCurrentGCJLocation"],"excluded_methods":[]}],"chengzijianzhan.cc":[{"pattern":"^https?:\\/\\/([0-9A-Za-z_\\-]+\\.)?chengzijianzhan\\.cc\\/","group":"private","included_methods":["getCurrentLocation","getCurrentGCJLocation"],"excluded_methods":[]}],"chengzijianzhan.cn":[{"pattern":"^https?:\\/\\/([0-9A-Za-z_\\-]+\\.)?chengzijianzhan\\.cn\\/","group":"private","included_methods":["getCurrentLocation","getCurrentGCJLocation"],"excluded_methods":[]}],"chengzijianzhan.com":[{"pattern":"^https?:\\/\\/([0-9A-Za-z_\\-]+\\.)?chengzijianzhan\\.com\\/","group":"private","included_methods":["getCurrentLocation","getCurrentGCJLocation"],"excluded_methods":[]}],"chengzijianzhan.net":[{"pattern":"^https?:\\/\\/([0-9A-Za-z_\\-]+\\.)?chengzijianzhan\\.net\\/","group":"private","included_methods":["getCurrentLocation","getCurrentGCJLocation"],"excluded_methods":[]}],"chengzijianzhana.com":[{"pattern":"^https?:\\/\\/([0-9A-Za-z_\\-]+\\.)?chengzijianzhana\\.com\\/","group":"private","included_methods":["getCurrentLocation","getCurrentGCJLocation"],"excluded_methods":[]}],"chengzijianzhanb.com":[{"pattern":"^https?:\\/\\/([0-9A-Za-z_\\-]+\\.)?chengzijianzhanb\\.com\\/","group":"private","included_methods":["getCurrentLocation","getCurrentGCJLocation"],"excluded_methods":[]}],"dailygn.com":[{"pattern":"^https?:\\/\\/huoying\\.dailygn\\.com\\/","group":"private","included_methods":["getCurrentLocation","getCurrentGCJLocation"],"excluded_methods":[]},{"pattern":"^https?:\\/\\/br\\.dailygn\\.com\\/","group":"private","included_methods":["getCurrentLocation","getCurrentGCJLocation"],"excluded_methods":[]},{"pattern":"^https?:\\/\\/op\\.dailygn\\.com\\/","group":"private","included_methods":["getCurrentLocation","getCurrentGCJLocation"],"excluded_methods":[]},{"pattern":"^https?:\\/\\/slg\\.dailygn\\.com\\/","group":"private","included_methods":["getCurrentLocation","getCurrentGCJLocation"],"excluded_methods":[]},{"pattern":"^https?:\\/\\/flower\\.dailygn\\.com\\/","group":"private","included_methods":["getCurrentLocation","getCurrentGCJLocation"],"excluded_methods":[]},{"pattern":"^https?:\\/\\/act\\.dailygn\\.com\\/","group":"private","included_methods":["getCurrentLocation","getCurrentGCJLocation"],"excluded_methods":[]},{"pattern":"^https?:\\/\\/act-sandbox\\.dailygn\\.com\\/","group":"private","included_methods":["getCurrentLocation","getCurrentGCJLocation"],"excluded_methods":[]},{"pattern":"^https?:\\/\\/allstar\\.dailygn\\.com\\/","group":"private","included_methods":["getCurrentLocation","getCurrentGCJLocation"],"excluded_methods":[]},{"pattern":"^https?:\\/\\/act-sandbox\\.dailygn\\.com\\/game_channel","group":"public","included_methods":["gsdk.subscribeApp","subscribeApp","gsdk.unsubscribeApp","unsubscribeApp","gsdk.downloadApp","downloadApp","gsdk.cancelDownloadApp","cancelDownloadApp","gsdk.preconnect","gsdk.getSdkInfo","gsdk.getDownloadList","gsdk.orderApp"],"excluded_methods":[]}],"daliapp.net":[{"pattern":"^https?:\\/\\/h5\\.daliapp\\.net\\/","group":"private","included_methods":["getCurrentLocation","getCurrentGCJLocation"],"excluded_methods":[]}],"daliketang.com":[{"pattern":"^https?:\\/\\/ug\\.daliketang\\.com\\/","group":"private","included_methods":["getCurrentLocation","getCurrentGCJLocation"],"excluded_methods":[]}],"dcarapi.com":[{"pattern":"^https?:\\/\\/([0-9A-Za-z_\\-]+\\.)?dcarapi\\.com\\/","group":"public","included_methods":["fetch","getWebViewInfo","darkMode","interceptPreloadEvent","login","webviewControl","setTitle","apiParam","userInfo","share","jumpOpenAuthPage","showOpenAuth","openSchema","getStatusBar","setStatusBar","setNativeItem","getNativeItem","copy","sendLogV3","openBrowser","showToast","appInfo","localPhoneNo","downloadMedia"],"excluded_methods":["getCurrentLocation","getCurrentGCJLocation"]},{"pattern":"^https?:\\/\\/([0-9A-Za-z_\\-]+\\.)?dcarapi\\.com\\/motor\\/inapp\\/dealer_sku\\/home\\.html","group":"private","included_methods":[],"excluded_methods":["getCurrentLocation","getCurrentGCJLocation"]},{"pattern":"^https?:\\/\\/([0-9A-Za-z_\\-]+\\.)?dcarapi\\.com\\/motor\\/inapp\\/sku_verification\\/audit\\.html","group":"private","included_methods":[],"excluded_methods":["getCurrentLocation","getCurrentGCJLocation"]},{"pattern":"^https?:\\/\\/([0-9A-Za-z_\\-]+\\.)?dcarapi\\.com\\/motor\\/inapp\\/sku_dy_invoice\\/index\\.html","group":"private","included_methods":[],"excluded_methods":["getCurrentLocation","getCurrentGCJLocation"]},{"pattern":"^https?:\\/\\/([0-9A-Za-z_\\-]+\\.)?dcarapi\\.com\\/motor\\/blitz\\/activity\\/","group":"private","included_methods":[],"excluded_methods":["getCurrentLocation","getCurrentGCJLocation"]},{"pattern":"^https?:\\/\\/([0-9A-Za-z_\\-]+\\.)?dcarapi\\.com\\/motor\\/feoffline\\/sku\\/","group":"private","included_methods":[],"excluded_methods":["getCurrentLocation","getCurrentGCJLocation"]},{"pattern":"^https?:\\/\\/([0-9A-Za-z_\\-]+\\.)?dcarapi\\.com\\/motor\\/feoffline\\/game\\/","group":"private","included_methods":[],"excluded_methods":["getCurrentLocation","getCurrentGCJLocation"]}],"dcdapp.com":[{"pattern":"^https?:\\/\\/([0-9A-Za-z_\\-]+\\.)?m\\.dcdapp\\.com\\/","group":"private","included_methods":["getCurrentLocation","getCurrentGCJLocation"],"excluded_methods":[]},{"pattern":"^https?:\\/\\/z\\.dcdapp\\.com\\/","group":"public","included_methods":["fetch"],"excluded_methods":[]}],"douugame.com":[{"pattern":"^https?:\\/\\/cg\\.douugame\\.com\\/","group":"private","included_methods":["getCurrentLocation","getCurrentGCJLocation"],"excluded_methods":[]}],"douyin.com":[{"pattern":"^https?:\\/\\/([0-9A-Za-z_\\-]+\\.)?douyin\\.com\\/","group":"private","included_methods":["getCurrentLocation","getCurrentGCJLocation"],"excluded_methods":[]},{"pattern":"^https?:\\/\\/life\\.douyin\\.com\\/","group":"public","included_methods":["appInfo","sendMessage","fetch","x.getUserInfo","userInfo","apiParam","sendLogV3","poiIMSendConversationGood","poiIMSendConversationOrder","openSchema","x.getAppInfo"],"excluded_methods":["getCurrentLocation","getCurrentGCJLocation"]},{"pattern":"^https?:\\/\\/cloud\\.douyin\\.com\\/userauth","group":"public","included_methods":["x.getUserInfo"],"excluded_methods":["getCurrentLocation","getCurrentGCJLocation"]}],"douyinec.com":[{"pattern":"^https?:\\/\\/([0-9A-Za-z_\\-]+\\.)?douyinec\\.com\\/","group":"private","included_methods":["getCurrentLocation","getCurrentGCJLocation"],"excluded_methods":[]}],"douyinstatic.com":[{"pattern":"^https?:\\/\\/sf6-cdn-tos\\.douyinstatic\\.com\\/obj\\/ies-hotsoon-draft\\/","group":"private","included_methods":["getCurrentLocation","getCurrentGCJLocation"],"excluded_methods":[]},{"pattern":"^https?:\\/\\/sf3-cdn-tos\\.douyinstatic\\.com\\/obj\\/ies-hotsoon-draft\\/douyin_agreement\\/","group":"private","included_methods":[],"excluded_methods":["getCurrentGCJLocation","getCurrentLocation"]},{"pattern":"^https?:\\/\\/sf3-cdn-tos\\.douyinstatic\\.com\\/obj\\/ies-hotsoon-draft\\/douyin\\/1508cd3b-2ead-4655-b4a4-0bbc8eecfef6\\.html","group":"private","included_methods":[],"excluded_methods":["getCurrentGCJLocation","getCurrentLocation"]},{"pattern":"^https?:\\/\\/([0-9A-Za-z_\\-]+\\.)?sf3-cdn-tos\\.douyinstatic\\.com\\/obj\\/ies-hotsoon-draft","group":"private","included_methods":[],"excluded_methods":["getCurrentGCJLocation","getCurrentLocation"]}],"douyinvideo.net":[{"pattern":"^https?:\\/\\/([0-9A-Za-z_\\-]+\\.)?douyinvideo\\.net\\/","group":"private","included_methods":["getCurrentLocation","getCurrentGCJLocation"],"excluded_methods":[]}],"draftstatic.com":[{"pattern":"^https?:\\/\\/lf26-cdn-tos\\.draftstatic\\.com\\/obj\\/ies-hotsoon-draft\\/","group":"private","included_methods":["getCurrentLocation","getCurrentGCJLocation"],"excluded_methods":[]},{"pattern":"^https?:\\/\\/lf3-cdn-tos\\.draftstatic\\.com\\/obj\\/ies-hotsoon-draft\\/ugc-market","group":"public","included_methods":["openSchema","sendLog","sendLogV3"],"excluded_methods":["getCurrentLocation","getCurrentGCJLocation"]}],"fangxinjiefxj.com":[{"pattern":"^https?:\\/\\/([0-9A-Za-z_\\-]+\\.)?fangxinjiefxj\\.com\\/","group":"private","included_methods":["getCurrentLocation","getCurrentGCJLocation"],"excluded_methods":[]}],"feelgood.cn":[{"pattern":"^https?:\\/\\/survey\\.feelgood\\.cn\\/","group":"private","included_methods":["getCurrentLocation","getCurrentGCJLocation"],"excluded_methods":[]}],"feishu-pre.cn":[{"pattern":"^https?:\\/\\/([0-9A-Za-z_\\-]+\\.)?feishu-pre\\.cn\\/","group":"private","included_methods":["getCurrentLocation","getCurrentGCJLocation"],"excluded_methods":[]}],"feishu-staging.cn":[{"pattern":"^https?:\\/\\/([0-9A-Za-z_\\-]+\\.)?feishu-staging\\.cn\\/","group":"private","included_methods":["getCurrentLocation","getCurrentGCJLocation"],"excluded_methods":[]}],"feishu.cn":[{"pattern":"^https?:\\/\\/www\\.feishu\\.cn\\/","group":"private","included_methods":[],"excluded_methods":["getCurrentLocation","getCurrentGCJLocation"]}],"gamearrival.cn":[{"pattern":"^https?:\\/\\/www\\.gamearrival\\.cn\\/game_channel","group":"public","included_methods":["gsdk.subscribeApp","subscribeApp","gsdk.unsubscribeApp","unsubscribeApp","gsdk.downloadApp","downloadApp","gsdk.cancelDownloadApp","cancelDownloadApp","gsdk.preconnect","gsdk.getSdkInfo","gsdk.getDownloadList","gsdk.orderApp"],"excluded_methods":[]}],"ggl.cn":[{"pattern":"^https?:\\/\\/ug\\.ggl\\.cn\\/","group":"private","included_methods":["getCurrentLocation","getCurrentGCJLocation"],"excluded_methods":[]}],"gglenglish.com":[{"pattern":"^https?:\\/\\/www\\.gglenglish\\.com\\/goku\\/web\\/","group":"private","included_methods":["getCurrentLocation","getCurrentGCJLocation"],"excluded_methods":[]}],"haoduofangs.com":[{"pattern":"^https?:\\/\\/m\\.haoduofangs\\.com\\/magic\\/eco\\/runtime\\/","group":"private","included_methods":["getCurrentLocation","getCurrentGCJLocation"],"excluded_methods":[]}],"huoshan.com":[{"pattern":"^https?:\\/\\/([0-9A-Za-z_\\-]+\\.)?huoshan\\.com\\/","group":"private","included_methods":["getCurrentLocation","getCurrentGCJLocation"],"excluded_methods":[]}],"iaoligame.com":[{"pattern":"^https?:\\/\\/([0-9A-Za-z_\\-]+\\.)?iaoligame\\.com\\/web\\/other_mobile","group":"private","included_methods":["getCurrentLocation","getCurrentGCJLocation"],"excluded_methods":[]}],"idouyinstatic.com":[{"pattern":"^https?:\\/\\/lf3-sourcecdn-tos\\.idouyinstatic\\.com\\/obj\\/byte-gurd-source\\/tc21","group":"private","included_methods":["getCurrentLocation","getCurrentGCJLocation"],"excluded_methods":[]},{"pattern":"^https?:\\/\\/lf6-sourcecdn-tos\\.idouyinstatic\\.com\\/obj\\/byte-gurd-source\\/tc21\\/tc2021\\/","group":"private","included_methods":["getCurrentLocation","getCurrentGCJLocation"],"excluded_methods":[]},{"pattern":"^https?:\\/\\/lf9-sourcecdn-tos\\.idouyinstatic\\.com\\/obj\\/byte-gurd-source\\/tc21\\/tc2021\\/","group":"private","included_methods":["getCurrentLocation","getCurrentGCJLocation"],"excluded_methods":[]},{"pattern":"^https?:\\/\\/lf26-sourcecdn-tos\\.idouyinstatic\\.com\\/obj\\/byte-gurd-source\\/tc21\\/tc2021\\/","group":"private","included_methods":["getCurrentLocation","getCurrentGCJLocation"],"excluded_methods":[]}],"iesdouyin.com":[{"pattern":"^https?:\\/\\/([0-9A-Za-z_\\-]+\\.)?iesdouyin\\.com\\/","group":"private","included_methods":["getCurrentLocation","getCurrentGCJLocation"],"excluded_methods":[]}],"isnssdk.com":[{"pattern":"^https?:\\/\\/f-p-va\\.isnssdk\\.com\\/","group":"private","included_methods":["getCurrentLocation","getCurrentGCJLocation"],"excluded_methods":[]}],"itoutiaostatic.com":[{"pattern":"^https?:\\/\\/lf3-ucenter-tos\\.itoutiaostatic\\.com\\/obj\\/byte-gurd-source\\/tc21\\/tc2021\\/","group":"private","included_methods":["getCurrentLocation","getCurrentGCJLocation"],"excluded_methods":[]},{"pattern":"^https?:\\/\\/lf6-ucenter-tos\\.itoutiaostatic\\.com\\/obj\\/byte-gurd-source\\/tc21\\/tc2021\\/","group":"private","included_methods":["getCurrentLocation","getCurrentGCJLocation"],"excluded_methods":[]},{"pattern":"^https?:\\/\\/lf26-ucenter-tos\\.itoutiaostatic\\.com\\/obj\\/byte-gurd-source\\/tc21\\/tc2021\\/","group":"private","included_methods":["getCurrentLocation","getCurrentGCJLocation"],"excluded_methods":[]},{"pattern":"^https?:\\/\\/lf9-ucenter-tos\\.itoutiaostatic\\.com\\/obj\\/byte-gurd-source\\/tc21\\/tc2021\\/","group":"private","included_methods":["getCurrentLocation","getCurrentGCJLocation"],"excluded_methods":[]},{"pattern":"^https?:\\/\\/lf3-ucenter-tos\\.itoutiaostatic\\.com\\/obj\\/feaction\\/","group":"private","included_methods":["getCurrentLocation","getCurrentGCJLocation"],"excluded_methods":[]},{"pattern":"^https?:\\/\\/lf6-ucenter-tos\\.itoutiaostatic\\.com\\/obj\\/feaction\\/","group":"private","included_methods":["getCurrentLocation","getCurrentGCJLocation"],"excluded_methods":[]},{"pattern":"^https?:\\/\\/lf9-ucenter-tos\\.itoutiaostatic\\.com\\/obj\\/feaction\\/","group":"private","included_methods":["getCurrentLocation","getCurrentGCJLocation"],"excluded_methods":[]},{"pattern":"^https?:\\/\\/lf26-ucenter-tos\\.itoutiaostatic\\.com\\/obj\\/feaction\\/","group":"private","included_methods":["getCurrentLocation","getCurrentGCJLocation"],"excluded_methods":[]}],"ixigua.com":[{"pattern":"^https?:\\/\\/([0-9A-Za-z_\\-]+\\.)?ixigua\\.com\\/","group":"private","included_methods":["getCurrentLocation","getCurrentGCJLocation"],"excluded_methods":[]},{"pattern":"^https?:\\/\\/studio\\.ixigua\\.com\\/","group":"private","included_methods":["getCurrentLocation"],"excluded_methods":["getCurrentGCJLocation"]},{"pattern":"^https?:\\/\\/m\\.ixigua\\.com\\/","group":"private","included_methods":["getCurrentLocation"],"excluded_methods":["getCurrentGCJLocation"]},{"pattern":"^https?:\\/\\/z\\.ixigua\\.com\\/","group":"public","included_methods":["download_app_ad","cancel_download_app_ad","isAppInstalled","appInfo","login","scan","fetch"],"excluded_methods":["getCurrentGCJLocation"]}],"iyincaishijiao.com":[{"pattern":"^https?:\\/\\/student-api\\.iyincaishijiao\\.com\\/","group":"private","included_methods":["getCurrentLocation","getCurrentGCJLocation"],"excluded_methods":[]},{"pattern":"^https?:\\/\\/teacher-api\\.iyincaishijiao\\.com\\/fe\\/teacher_web\\/growthh5\\/","group":"public","included_methods":["openSchema","downloadMedia","darkMode","appInfo","x.getAppInfo","faceVerification"],"excluded_methods":["getCurrentLocation","getCurrentGCJLocation"]}],"jinritemai.com":[{"pattern":"^https?:\\/\\/([0-9A-Za-z_\\-]+\\.)?lb\\.jinritemai\\.com\\/","group":"private","included_methods":["getCurrentLocation","getCurrentGCJLocation"],"excluded_methods":[]},{"pattern":"^https?:\\/\\/([0-9A-Za-z_\\-]+\\.)?jinritemai\\.com\\/","group":"private","included_methods":["getCurrentLocation","getCurrentGCJLocation"],"excluded_methods":[]},{"pattern":"^https?:\\/\\/haohuo\\.jinritemai\\.com\\/views\\/user\\/address","group":"private","included_methods":["chooseContact","getCurrentLocation","getCurrentGCJLocation"],"excluded_methods":[]},{"pattern":"^https?:\\/\\/haohuo\\.jinritemai\\.com\\/views\\/neworder\\/editAddress","group":"public","included_methods":["chooseContact"],"excluded_methods":[]},{"pattern":"^https?:\\/\\/fxg\\.jinritemai\\.com\\/","group":"private","included_methods":["getCurrentLocation"],"excluded_methods":["getCurrentGCJLocation"]},{"pattern":"^https?:\\/\\/cb\\.jinritemai\\.com\\/","group":"private","included_methods":["getCurrentGCJLocation","getCurrentLocation"],"excluded_methods":[]},{"pattern":"^https?:\\/\\/mix\\.jinritemai\\.com\\/","group":"private","included_methods":["getCurrentLocation"],"excluded_methods":["getCurrentGCJLocation"]},{"pattern":"^https?:\\/\\/govern\\.jinritemai\\.com\\/","group":"private","included_methods":["getCurrentLocation"],"excluded_methods":["getCurrentGCJLocation"]},{"pattern":"^https?:\\/\\/cb\\.jinritemai\\.com\\/h5\\/cross-border\\/trace","group":"private","included_methods":["getCurrentGCJLocation","getCurrentLocation"],"excluded_methods":[]}],"juliangyinqing.com":[{"pattern":"^https?:\\/\\/([0-9A-Za-z_\\-]+\\.)?juliangyinqing\\.com\\/","group":"private","included_methods":["getCurrentLocation","getCurrentGCJLocation"],"excluded_methods":[]}],"larksuite-pre.com":[{"pattern":"^https?:\\/\\/([0-9A-Za-z_\\-]+\\.)?larksuite-pre\\.com\\/","group":"private","included_methods":["getCurrentLocation","getCurrentGCJLocation"],"excluded_methods":[]}],"larksuite-staging.com":[{"pattern":"^https?:\\/\\/([0-9A-Za-z_\\-]+\\.)?larksuite-staging\\.com\\/","group":"private","included_methods":["getCurrentLocation","getCurrentGCJLocation"],"excluded_methods":[]}],"larksuite.com":[{"pattern":"^https?:\\/\\/([0-9A-Za-z_\\-]+\\.)?larksuite\\.com\\/","group":"private","included_methods":["getCurrentLocation","getCurrentGCJLocation"],"excluded_methods":[]}],"life-partner.cn":[{"pattern":"^https?:\\/\\/life-partner\\.cn\\/merchant","group":"public","included_methods":["x.getUserInfo","openBrowser","x.request"],"excluded_methods":["getCurrentLocation","getCurrentGCJLocation"]}],"nvsgames.cn":[{"pattern":"^https?:\\/\\/([0-9A-Za-z_\\-]+\\.)?nvsgames\\.cn\\/","group":"private","included_methods":["getCurrentLocation","getCurrentGCJLocation"],"excluded_methods":[]},{"pattern":"^https?:\\/\\/act\\.nvsgames\\.cn\\/game_channel","group":"public","included_methods":["gsdk.subscribeApp","subscribeApp","gsdk.unsubscribeApp","unsubscribeApp","gsdk.downloadApp","downloadApp","gsdk.cancelDownloadApp","cancelDownloadApp","gsdk.preconnect","gsdk.getSdkInfo","gsdk.getDownloadList","gsdk.orderApp"],"excluded_methods":[]}],"oceanengine.com":[{"pattern":"^https?:\\/\\/popup\\.oceanengine\\.com\\/","group":"private","included_methods":["getCurrentLocation","getCurrentGCJLocation"],"excluded_methods":[]},{"pattern":"^https?:\\/\\/e\\.oceanengine\\.com\\/","group":"private","included_methods":["getCurrentLocation","getCurrentGCJLocation"],"excluded_methods":[]},{"pattern":"^https?:\\/\\/ad\\.oceanengine\\.com\\/","group":"private","included_methods":["getCurrentLocation","getCurrentGCJLocation"],"excluded_methods":[]},{"pattern":"^https?:\\/\\/cg\\.oceanengine\\.com\\/","group":"private","included_methods":["getCurrentLocation","getCurrentGCJLocation"],"excluded_methods":[]},{"pattern":"^https?:\\/\\/poi\\.oceanengine\\.com\\/","group":"private","included_methods":["getCurrentLocation","getCurrentGCJLocation"],"excluded_methods":[]},{"pattern":"^https?:\\/\\/school\\.oceanengine\\.com\\/","group":"private","included_methods":["getCurrentLocation","getCurrentGCJLocation"],"excluded_methods":[]},{"pattern":"^https?:\\/\\/cc\\.oceanengine\\.com\\/tools\\/mobile","group":"private","included_methods":["getCurrentLocation","getCurrentGCJLocation"],"excluded_methods":[]},{"pattern":"^https?:\\/\\/cc\\.oceanengine\\.com\\/","group":"private","included_methods":["getCurrentLocation","getCurrentGCJLocation"],"excluded_methods":[]},{"pattern":"^https?:\\/\\/fuwu\\.oceanengine\\.com\\/","group":"private","included_methods":["getCurrentLocation","getCurrentGCJLocation"],"excluded_methods":[]},{"pattern":"^https?:\\/\\/h5\\.oceanengine\\.com\\/","group":"private","included_methods":["getCurrentLocation","getCurrentGCJLocation"],"excluded_methods":[]},{"pattern":"^https?:\\/\\/trendinsight\\.oceanengine\\.com\\/","group":"private","included_methods":["getCurrentLocation","getCurrentGCJLocation"],"excluded_methods":[]},{"pattern":"^https?:\\/\\/coupon\\.oceanengine\\.com\\/","group":"private","included_methods":["getCurrentLocation","getCurrentGCJLocation"],"excluded_methods":[]},{"pattern":"^https?:\\/\\/www\\.oceanengine\\.com\\/mengxiangda","group":"public","included_methods":["openSchema"],"excluded_methods":[]},{"pattern":"^https?:\\/\\/leads\\.oceanengine\\.com\\/","group":"public","included_methods":["userInfo","openSchema","fetch","darkMode","openHalfDialog","broadcast","showToast","sendLogV3","webviewControl","setNativeItem","getNativeItem","getABTestParams","popGesture","setTitle"],"excluded_methods":["getCurrentLocation","getCurrentGCJLocation"]}],"oceanplayable.com":[{"pattern":"^https?:\\/\\/case-cdn\\.oceanplayable\\.com\\/obj\\/union-fe\\/playable","group":"public","included_methods":["device_shake","getVolume","isViewable","adInfo","appInfo","getAdItem","openBrowser","getWebViewInfo","preload_app_ad","subscribe_app_ad","download_app_ad","openLightLandingPage","open_app_store","setAdItem","start_gyro_observer","start_accelerometer_observer","close_gyro_observer","close_accelerometer_observer","getLiveRoomInfo","landingPlayableAction","uploadThirdAppInfo","openSchema","jssdk_load_finish","popGesture","playable_set_scroll_rect","playable_click_area","playable_material_render_result","playable_load_main_scene","playable_enter_section","playable_end","playable_finish_play_playable","playable_transfrom_module_show","playable_transfrom_module_change_color","playable_settings_info","openAdLandPageLinks","download_click","x.getAppInfo","x.getUserInfo"],"excluded_methods":["getCurrentLocation","getCurrentGCJLocation"]}],"openlanguage.com":[{"pattern":"^https?:\\/\\/([0-9A-Za-z_\\-]+\\.)?m\\.openlanguage\\.com\\/","group":"private","included_methods":["getCurrentLocation","getCurrentGCJLocation"],"excluded_methods":[]},{"pattern":"^https?:\\/\\/([0-9A-Za-z_\\-]+\\.)?e\\.openlanguage\\.com\\/","group":"private","included_methods":["getCurrentLocation","getCurrentGCJLocation"],"excluded_methods":[]}],"ppkankan01.com":[{"pattern":"^https?:\\/\\/maya\\.ppkankan01\\.com\\/","group":"private","included_methods":["getCurrentLocation","getCurrentGCJLocation"],"excluded_methods":[]}],"pstatp.com":[{"pattern":"^https?:\\/\\/sf1-ttcdn-tos\\.pstatp\\.com\\/obj\\/union-fe\\/playable\\/","group":"private","included_methods":["getCurrentLocation","getCurrentGCJLocation"],"excluded_methods":[]},{"pattern":"^https?:\\/\\/sf3-ttcdn-tos\\.pstatp\\.com\\/obj\\/ad-tetris-site\\/","group":"private","included_methods":["getCurrentLocation","getCurrentGCJLocation"],"excluded_methods":[]},{"pattern":"^https?:\\/\\/sf3-dycdn-tos\\.pstatp\\.com\\/obj\\/luckycat\\/activity\\/aweme_welfare\\/","group":"private","included_methods":["getCurrentLocation","getCurrentGCJLocation"],"excluded_methods":[]},{"pattern":"^https?:\\/\\/sf3-ttcdn-tos\\.pstatp\\.com\\/obj\\/union-fe\\/playable","group":"private","included_methods":["getCurrentLocation","getCurrentGCJLocation"],"excluded_methods":[]},{"pattern":"^https?:\\/\\/sf6-ugcdn-tos\\.pstatp\\.com\\/obj\\/luckycat-html\\/","group":"private","included_methods":["getCurrentLocation","getCurrentGCJLocation"],"excluded_methods":[]},{"pattern":"^https?:\\/\\/sf3-ugcdn-tos\\.pstatp\\.com\\/obj\\/luckycat-html\\/","group":"private","included_methods":["getCurrentLocation","getCurrentGCJLocation"],"excluded_methods":[]},{"pattern":"^https?:\\/\\/sf1-ugcdn-tos\\.pstatp\\.com\\/obj\\/luckycat-html\\/","group":"private","included_methods":["getCurrentLocation","getCurrentGCJLocation"],"excluded_methods":[]},{"pattern":"^https?:\\/\\/([0-9A-Za-z_\\-]+\\.)?s9\\.pstatp\\.com\\/","group":"private","included_methods":["getCurrentLocation","getCurrentGCJLocation"],"excluded_methods":[]},{"pattern":"^https?:\\/\\/([0-9A-Za-z_\\-]+\\.)?s\\.pstatp\\.com\\/","group":"private","included_methods":["getCurrentLocation","getCurrentGCJLocation"],"excluded_methods":[]},{"pattern":"^https?:\\/\\/([0-9A-Za-z_\\-]+\\.)?s3\\.pstatp\\.com\\/","group":"private","included_methods":["getCurrentLocation","getCurrentGCJLocation"],"excluded_methods":[]},{"pattern":"^https?:\\/\\/([0-9A-Za-z_\\-]+\\.)?a3\\.pstatp\\.com\\/","group":"private","included_methods":["getCurrentLocation","getCurrentGCJLocation"],"excluded_methods":[]},{"pattern":"^https?:\\/\\/([0-9A-Za-z_\\-]+\\.)?s3a\\.pstatp\\.com\\/","group":"private","included_methods":["getCurrentLocation","getCurrentGCJLocation"],"excluded_methods":[]},{"pattern":"^https?:\\/\\/([0-9A-Za-z_\\-]+\\.)?s3b\\.pstatp\\.com\\/","group":"private","included_methods":["getCurrentLocation","getCurrentGCJLocation"],"excluded_methods":[]},{"pattern":"^https?:\\/\\/unpkg\\.pstatp\\.com\\/byted\\/secsdk-verify\\/","group":"private","included_methods":["getCurrentLocation","getCurrentGCJLocation"],"excluded_methods":[]},{"pattern":"^https?:\\/\\/sf3-scmcdn-tos\\.pstatp\\.com\\/obj\\/goofy\\/ies\\/douyin_activity\\/chuangda","group":"private","included_methods":["getCurrentLocation","getCurrentGCJLocation"],"excluded_methods":[]},{"pattern":"^https?:\\/\\/sf1-scmcdn-tos\\.pstatp\\.com\\/obj\\/goofy\\/ies\\/douyin_activity\\/chuangda","group":"private","included_methods":["getCurrentLocation","getCurrentGCJLocation"],"excluded_methods":[]},{"pattern":"^https?:\\/\\/sf3-scmcdn-tos\\.pstatp\\.com\\/goofy\\/ecommerce\\/","group":"private","included_methods":["getCurrentLocation","getCurrentGCJLocation"],"excluded_methods":[]},{"pattern":"^https?:\\/\\/sf3-scmcdn-tos\\.pstatp\\.com\\/goofy\\/ad\\/static\\/card","group":"private","included_methods":["getCurrentLocation","getCurrentGCJLocation"],"excluded_methods":[]},{"pattern":"^https?:\\/\\/sf1-scmcdn-tos\\.pstatp\\.com\\/goofy\\/ad\\/static\\/card","group":"private","included_methods":["getCurrentLocation","getCurrentGCJLocation"],"excluded_methods":[]},{"pattern":"^https?:\\/\\/sf3-ttcdn-tos\\.pstatp\\.com\\/obj\\/unity","group":"private","included_methods":["getCurrentLocation","getCurrentGCJLocation"],"excluded_methods":[]},{"pattern":"^https?:\\/\\/sf1-scmcdn-tos\\.pstatp\\.com\\/goofy\\/ies\\/douyin_activity","group":"private","included_methods":["getCurrentLocation","getCurrentGCJLocation"],"excluded_methods":[]},{"pattern":"^https?:\\/\\/sf3-scmcdn-tos\\.pstatp\\.com\\/goofy\\/ies\\/douyin_activity","group":"private","included_methods":["getCurrentLocation","getCurrentGCJLocation"],"excluded_methods":[]},{"pattern":"^https?:\\/\\/sf6-scmcdn-tos\\.pstatp\\.com\\/goofy\\/ies\\/douyin_activity","group":"private","included_methods":["getCurrentLocation","getCurrentGCJLocation"],"excluded_methods":[]},{"pattern":"^https?:\\/\\/sf6-scmcdn-tos\\.pstatp\\.com\\/goofy\\/toutiao\\/canon\\/douyin\\/canon","group":"private","included_methods":["getCurrentLocation","getCurrentGCJLocation"],"excluded_methods":[]},{"pattern":"^https?:\\/\\/sf1-scmcdn-tos\\.pstatp\\.com\\/goofy\\/tc21_h5\\/pages","group":"private","included_methods":["getCurrentLocation","getCurrentGCJLocation"],"excluded_methods":[]},{"pattern":"^https?:\\/\\/sf1-scmcdn-tos\\.pstatp\\.com\\/goofy\\/bytecom\\/creative-template-scripts\\/cn\\/reportAd\\.html","group":"private","included_methods":["getCurrentLocation","getCurrentGCJLocation"],"excluded_methods":[]},{"pattern":"^https?:\\/\\/sf6-scmcdn2-tos\\.pstatp\\.com\\/ies\\/fe","group":"private","included_methods":["getCurrentLocation","getCurrentGCJLocation"],"excluded_methods":[]},{"pattern":"^https?:\\/\\/sf3-scmcdn-tos\\.pstatp\\.com\\/goofy\\/bytecom","group":"private","included_methods":["getCurrentLocation","getCurrentGCJLocation"],"excluded_methods":[]},{"pattern":"^https?:\\/\\/sf1-scmcdn-tos\\.pstatp\\.com\\/goofy\\/bytecom","group":"private","included_methods":["getCurrentLocation","getCurrentGCJLocation"],"excluded_methods":[]},{"pattern":"^https?:\\/\\/sf6-scmcdn-tos\\.pstatp\\.com\\/goofy\\/bytecom","group":"private","included_methods":["getCurrentLocation","getCurrentGCJLocation"],"excluded_methods":[]},{"pattern":"^https?:\\/\\/sf3-ttcdn-tos\\.pstatp\\.com\\/obj\\/playable\\/","group":"private","included_methods":["getCurrentLocation","getCurrentGCJLocation"],"excluded_methods":[]},{"pattern":"^https?:\\/\\/sf1-scmcdn2-tos\\.pstatp\\.com\\/douyin_activity_2021\\/","group":"private","included_methods":["enterSearchVideoList","getCurrentLocation","getCurrentGCJLocation"],"excluded_methods":[]},{"pattern":"^https?:\\/\\/sf3-scmcdn2-tos\\.pstatp\\.com\\/douyin_activity_2021\\/","group":"private","included_methods":["enterSearchVideoList","getCurrentLocation","getCurrentGCJLocation"],"excluded_methods":[]},{"pattern":"^https?:\\/\\/sf6-scmcdn2-tos\\.pstatp\\.com\\/douyin_activity_2021\\/","group":"private","included_methods":["getCurrentLocation","getCurrentGCJLocation"],"excluded_methods":[]},{"pattern":"^https?:\\/\\/sf6-scmcdn2-tos\\.pstatp\\.com\\/ies\\/summon_wap\\/","group":"private","included_methods":["getCurrentLocation","getCurrentGCJLocation"],"excluded_methods":[]},{"pattern":"^https?:\\/\\/sf6-scmcdn-tos\\.pstatp\\.com\\/goofy\\/static\\/ies\\/helpdesk","group":"private","included_methods":["getCurrentLocation","getCurrentGCJLocation"],"excluded_methods":[]},{"pattern":"^https?:\\/\\/sf1-scmcdn-tos\\.pstatp\\.com\\/obj\\/luckycat-lynx\\/","group":"private","included_methods":["getCurrentLocation","getCurrentGCJLocation"],"excluded_methods":[]},{"pattern":"^https?:\\/\\/([0-9A-Za-z_\\-]+\\.)?pstatp\\.com\\/obj\\/byte-gurd-source\\/","group":"private","included_methods":["getCurrentLocation","getCurrentGCJLocation"],"excluded_methods":[]},{"pattern":"^https?:\\/\\/([0-9A-Za-z_\\-]+\\.)?pstatp\\.com\\/obj\\/gecko-internal\\/","group":"private","included_methods":["getCurrentLocation","getCurrentGCJLocation"],"excluded_methods":[]},{"pattern":"^https?:\\/\\/sf6-scmcdn-tos\\.pstatp\\.com\\/goofy\\/ad\\/search","group":"private","included_methods":["getCurrentLocation","getCurrentGCJLocation"],"excluded_methods":[]},{"pattern":"^https?:\\/\\/sf1-scmcdn-tos\\.pstatp\\.com\\/goofy\\/ad\\/search","group":"private","included_methods":["getCurrentLocation","getCurrentGCJLocation"],"excluded_methods":[]},{"pattern":"^https?:\\/\\/sf3-scmcdn-tos\\.pstatp\\.com\\/goofy\\/ad\\/search","group":"private","included_methods":["getCurrentLocation","getCurrentGCJLocation"],"excluded_methods":[]},{"pattern":"^https?:\\/\\/sf3-ttcdn-tos\\.pstatp\\.com\\/obj\\/union-fe\\/market","group":"public","included_methods":["device_shake","getVolume","isViewable","adInfo","appInfo","getAdItem","openSchema","openBrowser","getWebViewInfo","preload_app_ad","subscribe_app_ad","download_app_ad","openLightLandingPage","open_app_store","setAdItem","start_gyro_observer","start_accelerometer_observer","close_gyro_observer","close_accelerometer_observer","getLiveRoomInfo"],"excluded_methods":[]}],"retouchpics.com":[{"pattern":"^https?:\\/\\/www\\.retouchpics\\.com\\/","group":"private","included_methods":["getCurrentLocation","getCurrentGCJLocation"],"excluded_methods":[]},{"pattern":"^https?:\\/\\/m\\.retouchpics\\.com\\/","group":"private","included_methods":["getCurrentLocation","getCurrentGCJLocation"],"excluded_methods":[]}],"searchpstatp.com":[{"pattern":"^https?:\\/\\/lf3-ad\\.searchpstatp\\.com\\/obj\\/ad-search","group":"private","included_methods":["getCurrentLocation","getCurrentGCJLocation"],"excluded_methods":[]},{"pattern":"^https?:\\/\\/lf6-ad\\.searchpstatp\\.com\\/obj\\/ad-search","group":"private","included_methods":["getCurrentLocation","getCurrentGCJLocation"],"excluded_methods":[]},{"pattern":"^https?:\\/\\/lf9-ad\\.searchpstatp\\.com\\/obj\\/ad-search","group":"private","included_methods":["getCurrentLocation","getCurrentGCJLocation"],"excluded_methods":[]}],"shidianbaike.com":[{"pattern":"^https?:\\/\\/shidianbaike\\.com\\/","group":"public","included_methods":["openSchema","downloadMedia","userInfo","gallery","showToast","share","fileSelection","darkMode","x.downloadFile","x.hideLoading","x.reportAppLog","x.open","x.getAppInfo","x.getStorageItem"],"excluded_methods":["getCurrentLocation","getCurrentGCJLocation"]}],"snssdk.com":[{"pattern":"^https?:\\/\\/([0-9A-Za-z_\\-]+\\.)?snssdk\\.com\\/","group":"private","included_methods":["getCurrentLocation","getCurrentGCJLocation"],"excluded_methods":[]},{"pattern":"^https?:\\/\\/act-sandbox\\.snssdk\\.com\\/game_channel","group":"public","included_methods":["gsdk.subscribeApp","subscribeApp","gsdk.unsubscribeApp","unsubscribeApp","gsdk.downloadApp","downloadApp","gsdk.cancelDownloadApp","cancelDownloadApp","gsdk.preconnect","gsdk.getSdkInfo","gsdk.getDownloadList","gsdk.orderApp"],"excluded_methods":[]},{"pattern":"^https?:\\/\\/act\\.snssdk\\.com\\/game_channel","group":"public","included_methods":["gsdk.subscribeApp","subscribeApp","gsdk.unsubscribeApp","unsubscribeApp","gsdk.downloadApp","downloadApp","gsdk.cancelDownloadApp","cancelDownloadApp","gsdk.preconnect","gsdk.getSdkInfo","gsdk.getDownloadList","gsdk.orderApp"],"excluded_methods":[]},{"pattern":"^https?:\\/\\/welfare\\.snssdk\\.com\\/","group":"public","included_methods":["login","userInfo","setTitle","openSchema","openAweme","showToast"],"excluded_methods":["getCurrentLocation","getCurrentGCJLocation"]}],"toutiao.com":[{"pattern":"^https?:\\/\\/([0-9A-Za-z_\\-]+\\.)?ad\\.toutiao\\.com\\/","group":"private","included_methods":["getCurrentLocation","getCurrentGCJLocation"],"excluded_methods":[]},{"pattern":"^https?:\\/\\/([0-9A-Za-z_\\-]+\\.)?toutiao\\.com\\/","group":"private","included_methods":["getCurrentLocation","getCurrentGCJLocation"],"excluded_methods":[]},{"pattern":"^https?:\\/\\/cars\\.toutiao\\.com\\/","group":"private","included_methods":["getCurrentLocation","getCurrentGCJLocation"],"excluded_methods":[]}],"toutiaoapi.com":[{"pattern":"^https?:\\/\\/([0-9A-Za-z_\\-]+\\.)?toutiaoapi\\.com\\/","group":"private","included_methods":["getCurrentLocation","getCurrentGCJLocation"],"excluded_methods":[]},{"pattern":"^https?:\\/\\/api\\.toutiaoapi\\.com\\/","group":"private","included_methods":[],"excluded_methods":[]},{"pattern":"^https?:\\/\\/([0-9A-Za-z_\\-]+\\.)?toutiaoapi\\.com\\/s\\/","group":"private","included_methods":["getCurrentGCJLocation","getCurrentLocation"],"excluded_methods":[]},{"pattern":"^https?:\\/\\/([0-9A-Za-z_\\-]+\\.)?toutiaoapi\\.com\\/search\\/","group":"private","included_methods":["getCurrentGCJLocation","getCurrentLocation"],"excluded_methods":[]},{"pattern":"^https?:\\/\\/([0-9A-Za-z_\\-]+\\.)?toutiaoapi\\.com\\/gf\\/","group":"private","included_methods":["getCurrentGCJLocation","getCurrentLocation"],"excluded_methods":[]},{"pattern":"^https?:\\/\\/([0-9A-Za-z_\\-]+\\.)?toutiaoapi\\.com\\/rogue\\/","group":"private","included_methods":["getCurrentGCJLocation","getCurrentLocation"],"excluded_methods":[]},{"pattern":"^https?:\\/\\/api\\.toutiaoapi\\.com\\/ugc\\/hotboard_fe\\/hot_list\\/template\\/hot_list\\/forum_tab\\.html","group":"private","included_methods":["getCurrentLocation"],"excluded_methods":[]},{"pattern":"^https?:\\/\\/([0-9A-Za-z_\\-]+\\.)?toutiaoapi\\.com\\/magic\\/eco","group":"private","included_methods":[],"excluded_methods":[]},{"pattern":"^https?:\\/\\/([0-9A-Za-z_\\-]+\\.)?toutiaoapi\\.com\\/toutiao\\/activity","group":"private","included_methods":[],"excluded_methods":[]},{"pattern":"^https?:\\/\\/([0-9A-Za-z_\\-]+\\.)?toutiaoapi\\.com\\/search","group":"private","included_methods":["getCurrentGCJLocation"],"excluded_methods":[]}],"toutiaocdn.cn":[{"pattern":"^https?:\\/\\/m\\.toutiaocdn\\.cn\\/","group":"private","included_methods":["getCurrentLocation","getCurrentGCJLocation"],"excluded_methods":[]}],"toutiaocdn.com":[{"pattern":"^https?:\\/\\/m\\.toutiaocdn\\.com\\/","group":"private","included_methods":["getCurrentLocation","getCurrentGCJLocation"],"excluded_methods":[]},{"pattern":"^https?:\\/\\/([0-9A-Za-z_\\-]+\\.)?m\\.toutiaocdn\\.com\\/","group":"private","included_methods":["getCurrentLocation","getCurrentGCJLocation"],"excluded_methods":[]}],"toutiaocdn.net":[{"pattern":"^https?:\\/\\/m\\.toutiaocdn\\.net\\/","group":"private","included_methods":["getCurrentLocation","getCurrentGCJLocation"],"excluded_methods":[]}],"tuchong.com":[{"pattern":"^https?:\\/\\/m\\.tuchong\\.com\\/","group":"private","included_methods":["getCurrentLocation","getCurrentGCJLocation"],"excluded_methods":[]}],"ugh5.cn":[{"pattern":"^https?:\\/\\/ugh5\\.cn\\/ug\\/app\\/armor","group":"private","included_methods":["getCurrentLocation","getCurrentGCJLocation"],"excluded_methods":[]},{"pattern":"^https?:\\/\\/ugh5\\.cn\\/ug\\/armor\\/","group":"private","included_methods":["getCurrentLocation","getCurrentGCJLocation"],"excluded_methods":[]}],"ulikecam.com":[{"pattern":"^https?:\\/\\/([0-9A-Za-z_\\-]+\\.)?lv\\.ulikecam\\.com\\/","group":"private","included_methods":["getCurrentLocation","getCurrentGCJLocation"],"excluded_methods":[]},{"pattern":"^https?:\\/\\/m\\.ulikecam\\.com\\/","group":"private","included_methods":["getCurrentLocation","getCurrentGCJLocation"],"excluded_methods":[]}],"ulpay.com":[{"pattern":"^https?:\\/\\/([0-9A-Za-z_\\-]+\\.)?ulpay\\.com\\/","group":"private","included_methods":["getCurrentLocation","getCurrentGCJLocation"],"excluded_methods":[]}],"xflapp.com":[{"pattern":"^https?:\\/\\/([0-9A-Za-z_\\-]+\\.)?xflapp\\.com\\/","group":"private","included_methods":["getCurrentLocation","getCurrentGCJLocation"],"excluded_methods":[]}],"xiangyujiankang.com":[{"pattern":"^https?:\\/\\/meihejia\\.xiangyujiankang\\.com\\/vaccine","group":"public","included_methods":["x.getAppInfo"],"excluded_methods":[]},{"pattern":"^https?:\\/\\/h5\\.xiangyujiankang\\.com\\/vaccine","group":"public","included_methods":["x.getAppInfo"],"excluded_methods":[]},{"pattern":"^https?:\\/\\/meihejia\\.xiangyujiankang\\.com\\/","group":"public","included_methods":["openSchema"],"excluded_methods":["getCurrentLocation","getCurrentGCJLocation"]}],"xiaohe-jiankang.com":[{"pattern":"^https?:\\/\\/m\\.xiaohe-jiankang\\.com\\/","group":"public","included_methods":["showOpenAuth","jumpOpenAuthPage","openConfig","share","routePop","x.close","routePush","x.reportAppLog","x.copy","x.downloadFile"],"excluded_methods":["getCurrentLocation","getCurrentGCJLocation"]}],"xiaohe.cn":[{"pattern":"^https?:\\/\\/m\\.xiaohe\\.cn\\/medtask","group":"public","included_methods":["share","x.getAppInfo"],"excluded_methods":[]},{"pattern":"^https?:\\/\\/m\\.xiaohe\\.cn\\/","group":"public","included_methods":["share","showOpenAuth","jumpOpenAuthPage","openConfig","routePop","x.close","routePush","x.reportAppLog","x.copy","x.downloadFile"],"excluded_methods":["getCurrentLocation","getCurrentGCJLocation"]}],"xingtu.cn":[{"pattern":"^https?:\\/\\/www\\.xingtu\\.cn\\/","group":"private","included_methods":[],"excluded_methods":["getCurrentGCJLocation"]}],"yangyi07.com":[{"pattern":"^https?:\\/\\/saletools\\.yangyi07\\.com\\/","group":"private","included_methods":["getCurrentLocation","getCurrentGCJLocation"],"excluded_methods":[]}],"yangyi08.com":[{"pattern":"^https?:\\/\\/sf3-ttcdn-tos\\.yangyi08\\.com\\/obj\\/ad-tetris-site\\/","group":"private","included_methods":["getCurrentLocation","getCurrentGCJLocation"],"excluded_methods":[]},{"pattern":"^https?:\\/\\/s3\\.yangyi08\\.com\\/","group":"private","included_methods":["getCurrentLocation","getCurrentGCJLocation"],"excluded_methods":[]},{"pattern":"^https?:\\/\\/sf3-ttcdn-tos\\.yangyi08\\.com\\/obj\\/union-fe\\/playable\\/","group":"private","included_methods":["getCurrentLocation","getCurrentGCJLocation"],"excluded_methods":[]}],"zhuxiaobang.com":[{"pattern":"^https?:\\/\\/m\\.zhuxiaobang\\.com\\/","group":"private","included_methods":["getCurrentLocation","getCurrentGCJLocation"],"excluded_methods":[]},{"pattern":"^https?:\\/\\/vip\\.zhuxiaobang\\.com\\/","group":"private","included_methods":["getCurrentLocation","getCurrentGCJLocation"],"excluded_methods":[]},{"pattern":"^https?:\\/\\/www\\.zhuxiaobang\\.com\\/","group":"private","included_methods":["getCurrentLocation","getCurrentGCJLocation"],"excluded_methods":[]}],"zijieapi.com":[{"pattern":"^https?:\\/\\/sport\\.zijieapi\\.com\\/gf\\/sport_olympics","group":"private","included_methods":[],"excluded_methods":["getCurrentLocation","getCurrentGCJLocation"]},{"pattern":"^https?:\\/\\/game-distribution\\.zijieapi\\.com\\/","group":"public","included_methods":["addAnchor","showToast","sendLogV3","userInfo","openSchema","setTitle","x.getStorageItem","x.setStorageItem","copy","fileSelection","fetch","darkMode","openBrowser","webviewControl","x.showLoading","x.hideLoading","x.request","x.login","apiParam"],"excluded_methods":["getCurrentLocation","getCurrentGCJLocation"]},{"pattern":"^https?:\\/\\/game-distribution\\.zijieapi\\.com\\/game_channel","group":"public","included_methods":["gsdk.subscribeApp","subscribeApp","gsdk.unsubscribeApp","unsubscribeApp","gsdk.downloadApp","downloadApp","gsdk.cancelDownloadApp","cancelDownloadApp","gsdk.preconnect","gsdk.getSdkInfo","gsdk.getDownloadList","gsdk.orderApp"],"excluded_methods":[]}],"zjurl.cn":[{"pattern":"^https?:\\/\\/m\\.zjurl\\.cn\\/","group":"private","included_methods":["getCurrentLocation","getCurrentGCJLocation"],"excluded_methods":[]}]},"package_version":380576886,"package_type":3,"channel":"_jsb_auth","channel_index":1,"overridden_methods":{"public":null,"protected":null,"private":null}},{"content":{"bytecdn.cn":[{"pattern":"^https:\\/\\/s3\\.bytecdn\\.cn\\/","group":"private","included_methods":[],"excluded_methods":[]},{"pattern":"^https:\\/\\/s3a\\.bytecdn\\.cn\\/","group":"private","included_methods":[],"excluded_methods":[]},{"pattern":"^https:\\/\\/s3b\\.bytecdn\\.cn\\/","group":"private","included_methods":[],"excluded_methods":[]}],"bytedance.com":[{"pattern":"^https?:\\/\\/summon\\.bytedance\\.com\\/","group":"private","included_methods":[],"excluded_methods":[]},{"pattern":"^https?:\\/\\/helpdesk\\.bytedance\\.com\\/sites\\/standalone\\/","group":"private","included_methods":[],"excluded_methods":[]},{"pattern":"^https?:\\/\\/armor\\.bytedance\\.com\\/","group":"public","included_methods":["getAppInfo"],"excluded_methods":[]},{"pattern":"^https?:\\/\\/amcn\\.bytedance\\.com\\/","group":"public","included_methods":["getAppInfo","close","openLive","getUserInfo","appInfo"],"excluded_methods":[]}],"bytedance.net":[{"pattern":"^https?:\\/\\/cdn-tos-cn\\.bytedance\\.net\\/","group":"private","included_methods":[],"excluded_methods":[]}],"bytegecko.com":[{"pattern":"^https?:\\/\\/lf-dy-sourcecdn-tos\\.bytegecko\\.com\\/","group":"private","included_methods":[],"excluded_methods":[]},{"pattern":"^https?:\\/\\/lf-webcast-sourcecdn-tos\\.bytegecko\\.com\\/","group":"private","included_methods":[],"excluded_methods":[]},{"pattern":"^https?:\\/\\/lf-webcast-sourcecdn-tos\\.bytegecko\\.com\\/obj\\/byte-gurd-source\\/ies\\/wallet\\/falcon\\/wallet_h5_douyin\\/page\\/exchange_cash_v2\\/index\\.html","group":"private","included_methods":["ttcjpay.ttpay"],"excluded_methods":[]},{"pattern":"^https?:\\/\\/lf-webcast-gr-sourcecdn\\.bytegecko\\.com\\/","group":"private","included_methods":[],"excluded_methods":[]},{"pattern":"^https?:\\/\\/lf3-webcast-sourcecdn-tos\\.bytegecko\\.com\\/","group":"private","included_methods":[],"excluded_methods":[]}],"bytegoofy.com":[{"pattern":"^https?:\\/\\/lf6-cdn-tos\\.bytegoofy\\.com\\/","group":"private","included_methods":[],"excluded_methods":[]},{"pattern":"^https?:\\/\\/lf1-cdn-tos\\.bytegoofy\\.com\\/","group":"private","included_methods":[],"excluded_methods":[]}],"bytescm.com":[{"pattern":"^https?:\\/\\/lf1-cdn-tos\\.bytescm\\.com\\/","group":"private","included_methods":[],"excluded_methods":[]},{"pattern":"^https?:\\/\\/lf3-cdn-tos\\.bytescm\\.com\\/","group":"private","included_methods":[],"excluded_methods":[]},{"pattern":"^https?:\\/\\/lf6-cdn-tos\\.bytescm\\.com\\/","group":"private","included_methods":[],"excluded_methods":[]},{"pattern":"^https?:\\/\\/lf-cdn-tos\\.bytescm\\.com\\/","group":"private","included_methods":[],"excluded_methods":[]}],"bytetos.com":[{"pattern":"^https?:\\/\\/lf3-csp\\.bytetos\\.com\\/obj\\/ies-csp-resource\\/ies\\/summon_wap","group":"private","included_methods":[],"excluded_methods":[]},{"pattern":"^https?:\\/\\/lf3-csp\\.bytetos\\.com\\/obj\\/ies-csp-resource\\/ies\\/cdn\\/summon_wap","group":"private","included_methods":[],"excluded_methods":[]}],"dcdapp.com":[{"pattern":"^https?:\\/\\/([0-9A-Za-z_\\-]+\\.)?dcdapp\\.com\\/","group":"private","included_methods":[],"excluded_methods":[]}],"douyin.com":[{"pattern":"^https?:\\/\\/dypay\\.douyin\\.com\\/","group":"private","included_methods":[],"excluded_methods":[]},{"pattern":"^https?:\\/\\/life\\.douyin\\.com\\/h5\\/governance\\/","group":"public","included_methods":["fetch","request"],"excluded_methods":[]},{"pattern":"^https?:\\/\\/interactive\\.douyin\\.com\\/","group":"public","included_methods":["getAppInfo","getUserInfo","request","fetch","close","toast","showToast","login","openProductList","ext_webcast_getLiveRoomInfo","ext_webcast_download_app_ad","ext_webcast_subscribe_app_ad","preload_app_ad","download_click","appInfo","userInfo","sendLogV1","sendLogV3"],"excluded_methods":[]}],"douyinstatic.com":[{"pattern":"^https?:\\/\\/([0-9A-Za-z_\\-]+\\.)?lf1-cdn-tos\\.douyinstatic\\.com\\/","group":"private","included_methods":[],"excluded_methods":[]},{"pattern":"^https?:\\/\\/([0-9A-Za-z_\\-]+\\.)?lf3-cdn-tos\\.douyinstatic\\.com\\/","group":"private","included_methods":[],"excluded_methods":[]},{"pattern":"^https?:\\/\\/([0-9A-Za-z_\\-]+\\.)?sf1-cdn-tos\\.douyinstatic\\.com\\/","group":"private","included_methods":[],"excluded_methods":[]},{"pattern":"^https?:\\/\\/([0-9A-Za-z_\\-]+\\.)?sf3-cdn-tos\\.douyinstatic\\.com\\/","group":"private","included_methods":[],"excluded_methods":[]},{"pattern":"^https?:\\/\\/([0-9A-Za-z_\\-]+\\.)?sf6-cdn-tos\\.douyinstatic\\.com\\/","group":"private","included_methods":[],"excluded_methods":[]},{"pattern":"^https?:\\/\\/([0-9A-Za-z_\\-]+\\.)?lf6-cdn-tos\\.douyinstatic\\.com\\/","group":"private","included_methods":[],"excluded_methods":[]}],"feelgood.cn":[{"pattern":"^https?:\\/\\/survey\\.feelgood\\.cn\\/","group":"private","included_methods":[],"excluded_methods":[]}],"idouyinstatic.com":[{"pattern":"^https?:\\/\\/([0-9A-Za-z_\\-]+\\.)?idouyinstatic\\.com\\/","group":"private","included_methods":[],"excluded_methods":[]}],"jinritemai.com":[{"pattern":"^https?:\\/\\/([0-9A-Za-z_\\-]+\\.)?mix\\.jinritemai\\.com\\/","group":"private","included_methods":["ttcjpay.bioPaymentShowState","ttcjpay.ttpay"],"excluded_methods":[]},{"pattern":"^https?:\\/\\/ffh\\.jinritemai\\.com\\/","group":"private","included_methods":[],"excluded_methods":[]}],"juliangyinqing.com":[{"pattern":"^https?:\\/\\/([0-9A-Za-z_\\-]+\\.)?juliangyinqing\\.com\\/","group":"private","included_methods":[],"excluded_methods":[]}],"pstatp.com":[{"pattern":"^https:\\/\\/sf3-scmcdn-tos\\.pstatp\\.com\\/goofy\\/ecommerce\\/fe_ecommerce_activity\\/pages\\/activity11\\/views\\/venue\\/index\\.html","group":"private","included_methods":[],"excluded_methods":[]},{"pattern":"^https?:\\/\\/([0-9A-Za-z_\\-]+\\.)?sf1-scmcdn2-tos\\.pstatp\\.com\\/","group":"private","included_methods":[],"excluded_methods":[]},{"pattern":"^https?:\\/\\/([0-9A-Za-z_\\-]+\\.)?sf3-scmcdn2-tos\\.pstatp\\.com\\/","group":"private","included_methods":[],"excluded_methods":[]},{"pattern":"^https?:\\/\\/([0-9A-Za-z_\\-]+\\.)?sf6-scmcdn2-tos\\.pstatp\\.com\\/","group":"private","included_methods":[],"excluded_methods":[]},{"pattern":"^https?:\\/\\/sf3-scmcdn-tos\\.pstatp\\.com\\/","group":"private","included_methods":[],"excluded_methods":[]},{"pattern":"^https?:\\/\\/sf1-scmcdn-tos\\.pstatp\\.com\\/","group":"private","included_methods":[],"excluded_methods":[]},{"pattern":"^https?:\\/\\/sf6-scmcdn-tos\\.pstatp\\.com\\/","group":"private","included_methods":[],"excluded_methods":[]},{"pattern":"^https?:\\/\\/([0-9A-Za-z_\\-]+\\.)?lf3-sourcecdn-tos\\.pstatp\\.com\\/","group":"private","included_methods":[],"excluded_methods":[]},{"pattern":"^https?:\\/\\/([0-9A-Za-z_\\-]+\\.)?lf5-sourcecdn-tos\\.pstatp\\.com\\/","group":"private","included_methods":[],"excluded_methods":[]},{"pattern":"^https?:\\/\\/([0-9A-Za-z_\\-]+\\.)?lf6-sourcecdn-tos\\.pstatp\\.com\\/","group":"private","included_methods":[],"excluded_methods":[]},{"pattern":"^https?:\\/\\/([0-9A-Za-z_\\-]+\\.)?lf9-sourcecdn-tos\\.pstatp\\.com\\/","group":"private","included_methods":[],"excluded_methods":[]},{"pattern":"^https?:\\/\\/([0-9A-Za-z_\\-]+\\.)?lf11-sourcecdn-tos\\.pstatp\\.com\\/","group":"private","included_methods":[],"excluded_methods":[]},{"pattern":"^https?:\\/\\/([0-9A-Za-z_\\-]+\\.)?lf26-sourcecdn-tos\\.pstatp\\.com\\/","group":"private","included_methods":[],"excluded_methods":[]}],"snssdk.com":[{"pattern":"^https?:\\/\\/aweme\\.snssdk\\.com\\/falcon\\/fe_douyin_ad_preact\\/","group":"private","included_methods":[],"excluded_methods":[]}]},"package_version":372144119,"package_type":3,"channel":"_jsb_auth.webcast","channel_index":2,"overridden_methods":{"public":null,"protected":null,"private":null}}]},"universal_strategies":{}},"demotion":"","message":"success","status":0}