{"v":"5.5.4","fr":30,"ip":0,"op":90,"w":200,"h":200,"nm":"lottie","ddd":0,"assets":[{"id":"image_0","w":32,"h":36,"u":"images/","p":"___26_____2.0-__.png","e":0},{"id":"image_1","w":42,"h":56,"u":"images/","p":"________2.0-__.png","e":0},{"id":"image_2","w":123,"h":65,"u":"images/","p":"_______2.0-__.png","e":0},{"id":"image_3","w":108,"h":54,"u":"images/","p":"_________2.0-__.png","e":0},{"id":"image_4","w":72,"h":95,"u":"images/","p":"logo_____2.0-__.png","e":0},{"id":"image_5","w":152,"h":148,"u":"images/","p":"_______2.0-___0.png","e":0},{"id":"image_6","w":81,"h":72,"u":"images/","p":"______2.0-__.png","e":0},{"id":"image_7","w":8,"h":17,"u":"images/","p":"___37____2_____2.0-__.png","e":0},{"id":"image_8","w":8,"h":21,"u":"images/","p":"___37________2.0-__.png","e":0},{"id":"image_9","w":8,"h":21,"u":"images/","p":"___27_____2.0-__.png","e":0},{"id":"image_10","w":47,"h":60,"u":"images/","p":"_______2.0-___1.png","e":0},{"id":"image_11","w":55,"h":41,"u":"images/","p":"_______2.0-___2.png","e":0}],"layers":[{"ddd":0,"ind":1,"ty":2,"nm":"左手","parent":2,"refId":"image_0","sr":1,"ks":{"o":{"a":0,"k":100,"ix":11},"r":{"a":0,"k":0,"ix":10},"p":{"a":0,"k":[26,57,0],"ix":2},"a":{"a":0,"k":[16,18,0],"ix":1},"s":{"a":0,"k":[100,100,100],"ix":6}},"ao":0,"ip":0,"op":210,"st":0,"bm":0},{"ddd":0,"ind":2,"ty":2,"nm":"左胳膊","parent":7,"refId":"image_1","sr":1,"ks":{"o":{"a":0,"k":100,"ix":11},"r":{"a":1,"k":[{"i":{"x":[0.667],"y":[1]},"o":{"x":[0.685],"y":[0.014]},"t":22,"s":[0],"e":[7.7]},{"i":{"x":[0.403],"y":[1]},"o":{"x":[0.333],"y":[0]},"t":35,"s":[7.7],"e":[0]},{"i":{"x":[0.667],"y":[1]},"o":{"x":[0.333],"y":[0]},"t":47,"s":[0],"e":[0]},{"i":{"x":[0.667],"y":[1]},"o":{"x":[0.685],"y":[0.014]},"t":91,"s":[0],"e":[7.7]},{"i":{"x":[0.403],"y":[1]},"o":{"x":[0.333],"y":[0]},"t":104,"s":[7.7],"e":[0]},{"i":{"x":[0.667],"y":[1]},"o":{"x":[0.333],"y":[0]},"t":116,"s":[0],"e":[0]},{"i":{"x":[0.667],"y":[1]},"o":{"x":[0.685],"y":[0.014]},"t":162,"s":[0],"e":[7.7]},{"i":{"x":[0.403],"y":[1]},"o":{"x":[0.333],"y":[0]},"t":175,"s":[7.7],"e":[0]},{"t":187}],"ix":10},"p":{"a":0,"k":[8.555,66.167,0],"ix":2},"a":{"a":0,"k":[36.555,7.167,0],"ix":1},"s":{"a":0,"k":[100,100,100],"ix":6}},"ao":0,"ip":0,"op":210,"st":0,"bm":0},{"ddd":0,"ind":3,"ty":2,"nm":"帽子","parent":7,"refId":"image_2","sr":1,"ks":{"o":{"a":0,"k":100,"ix":11},"r":{"a":1,"k":[{"i":{"x":[0.54],"y":[0.948]},"o":{"x":[0.617],"y":[0]},"t":28,"s":[0],"e":[0.6]},{"i":{"x":[0.328],"y":[0.775]},"o":{"x":[0.151],"y":[0]},"t":41,"s":[0.6],"e":[0]},{"i":{"x":[0.667],"y":[1]},"o":{"x":[0.167],"y":[0]},"t":53,"s":[0],"e":[0]},{"i":{"x":[0.54],"y":[0.948]},"o":{"x":[0.617],"y":[0]},"t":97,"s":[0],"e":[0.6]},{"i":{"x":[0.328],"y":[0.775]},"o":{"x":[0.151],"y":[0]},"t":110,"s":[0.6],"e":[0]},{"i":{"x":[0.667],"y":[1]},"o":{"x":[0.167],"y":[0]},"t":122,"s":[0],"e":[0]},{"i":{"x":[0.54],"y":[0.948]},"o":{"x":[0.617],"y":[0]},"t":168,"s":[0],"e":[0.6]},{"i":{"x":[0.328],"y":[0.775]},"o":{"x":[0.151],"y":[0]},"t":181,"s":[0.6],"e":[0]},{"t":193}],"ix":10},"p":{"a":1,"k":[{"i":{"x":0.319,"y":1},"o":{"x":0.348,"y":0},"t":28,"s":[29.204,11.235,0],"e":[28.609,4.624,0],"to":[0,0,0],"ti":[0,0,0]},{"i":{"x":0.731,"y":1},"o":{"x":0.764,"y":0},"t":41,"s":[28.609,4.624,0],"e":[29.204,11.235,0],"to":[0,0,0],"ti":[0,0,0]},{"i":{"x":0.833,"y":0.833},"o":{"x":0.167,"y":0.167},"t":53,"s":[29.204,11.235,0],"e":[29.204,11.235,0],"to":[0,0,0],"ti":[0,0,0]},{"i":{"x":0.319,"y":1},"o":{"x":0.348,"y":0},"t":97,"s":[29.204,11.235,0],"e":[28.609,4.624,0],"to":[0,0,0],"ti":[0,0,0]},{"i":{"x":0.731,"y":1},"o":{"x":0.764,"y":0},"t":110,"s":[28.609,4.624,0],"e":[29.204,11.235,0],"to":[0,0,0],"ti":[0,0,0]},{"i":{"x":0.833,"y":0.833},"o":{"x":0.167,"y":0.167},"t":122,"s":[29.204,11.235,0],"e":[29.204,11.235,0],"to":[0,0,0],"ti":[0,0,0]},{"i":{"x":0.319,"y":1},"o":{"x":0.348,"y":0},"t":168,"s":[29.204,11.235,0],"e":[28.609,4.624,0],"to":[0,0,0],"ti":[0,0,0]},{"i":{"x":0.731,"y":1},"o":{"x":0.764,"y":0},"t":181,"s":[28.609,4.624,0],"e":[29.204,11.235,0],"to":[0,0,0],"ti":[0,0,0]},{"t":193}],"ix":2},"a":{"a":0,"k":[15.204,56.235,0],"ix":1},"s":{"a":0,"k":[100,100,100],"ix":6}},"ao":0,"ip":-3,"op":216,"st":6,"bm":0},{"ddd":0,"ind":4,"ty":2,"nm":"帽子阴影","parent":7,"refId":"image_3","sr":1,"ks":{"o":{"a":0,"k":100,"ix":11},"r":{"a":0,"k":0,"ix":10},"p":{"a":0,"k":[68,30,0],"ix":2},"a":{"a":0,"k":[54,27,0],"ix":1},"s":{"a":0,"k":[100,100,100],"ix":6}},"ao":0,"ip":-2,"op":214,"st":4,"bm":0},{"ddd":0,"ind":5,"ty":2,"nm":"logo","parent":7,"refId":"image_4","sr":1,"ks":{"o":{"a":0,"k":100,"ix":11},"r":{"a":0,"k":0,"ix":10},"p":{"a":0,"k":[83,72.5,0],"ix":2},"a":{"a":0,"k":[36,47.5,0],"ix":1},"s":{"a":0,"k":[100,100,100],"ix":6}},"ao":0,"ip":0,"op":210,"st":0,"bm":0},{"ddd":0,"ind":6,"ty":4,"nm":"形状图层 2","td":1,"sr":1,"ks":{"o":{"a":0,"k":100,"ix":11},"r":{"a":0,"k":0,"ix":10},"p":{"a":0,"k":[84.532,135.211,0],"ix":2},"a":{"a":0,"k":[-378,816.5,0],"ix":1},"s":{"a":0,"k":[63.133,63.133,100],"ix":6}},"ao":0,"shapes":[{"ty":"gr","it":[{"ty":"rc","d":1,"s":{"a":0,"k":[264,205],"ix":2},"p":{"a":0,"k":[0,0],"ix":3},"r":{"a":0,"k":0,"ix":4},"nm":"矩形路径 1","mn":"ADBE Vector Shape - Rect","hd":false},{"ty":"fl","c":{"a":0,"k":[1,1,1,1],"ix":4},"o":{"a":0,"k":100,"ix":5},"r":1,"bm":0,"nm":"填充 1","mn":"ADBE Vector Graphic - Fill","hd":false},{"ty":"tr","p":{"a":0,"k":[-378,816.5],"ix":2},"a":{"a":0,"k":[0,0],"ix":1},"s":{"a":0,"k":[185.075,100],"ix":3},"r":{"a":0,"k":0,"ix":6},"o":{"a":0,"k":100,"ix":7},"sk":{"a":0,"k":0,"ix":4},"sa":{"a":0,"k":0,"ix":5},"nm":"变换"}],"nm":"矩形 1","np":3,"cix":2,"bm":0,"ix":1,"mn":"ADBE Vector Group","hd":false}],"ip":0,"op":90,"st":0,"bm":0},{"ddd":0,"ind":7,"ty":2,"nm":"身体","tt":1,"refId":"image_5","sr":1,"ks":{"o":{"a":0,"k":100,"ix":11},"r":{"a":1,"k":[{"i":{"x":[0.473],"y":[1.003]},"o":{"x":[0.646],"y":[-0.042]},"t":22,"s":[0],"e":[-6]},{"i":{"x":[0.358],"y":[1]},"o":{"x":[0.588],"y":[0.008]},"t":35,"s":[-6],"e":[0]},{"i":{"x":[1],"y":[1]},"o":{"x":[0.195],"y":[0]},"t":62,"s":[0],"e":[0]},{"i":{"x":[0.473],"y":[1.003]},"o":{"x":[0.646],"y":[-0.042]},"t":91,"s":[0],"e":[-6]},{"i":{"x":[0.358],"y":[1]},"o":{"x":[0.588],"y":[0.008]},"t":104,"s":[-6],"e":[0]},{"i":{"x":[1],"y":[1]},"o":{"x":[0.195],"y":[0]},"t":131,"s":[0],"e":[0]},{"i":{"x":[0.473],"y":[1.003]},"o":{"x":[0.646],"y":[-0.042]},"t":162,"s":[0],"e":[-6]},{"i":{"x":[0.358],"y":[1]},"o":{"x":[0.588],"y":[0.008]},"t":175,"s":[-6],"e":[0]},{"t":202}],"ix":10},"p":{"a":0,"k":[42.5,200.25,0],"ix":2},"a":{"a":0,"k":[15.5,129,0],"ix":1},"s":{"a":0,"k":[63.418,63.418,100],"ix":6}},"ao":0,"ip":0,"op":210,"st":0,"bm":0},{"ddd":0,"ind":8,"ty":2,"nm":"烟 4","parent":17,"refId":"image_6","sr":1,"ks":{"o":{"a":1,"k":[{"i":{"x":[0.667],"y":[0.704]},"o":{"x":[0.333],"y":[0]},"t":-12,"s":[0],"e":[100]},{"i":{"x":[0.833],"y":[1]},"o":{"x":[0.333],"y":[61.728]},"t":0,"s":[100],"e":[100]},{"i":{"x":[0.667],"y":[1]},"o":{"x":[0.333],"y":[0]},"t":25,"s":[100],"e":[0]},{"t":47}],"ix":11},"r":{"a":0,"k":0,"ix":10},"p":{"a":1,"k":[{"i":{"x":0.833,"y":0.833},"o":{"x":0.167,"y":0.167},"t":-12,"s":[23.681,10.716,0],"e":[21.531,4.493,0],"to":[0,0,0],"ti":[0,0,0]},{"i":{"x":0.833,"y":0.833},"o":{"x":0.167,"y":0.167},"t":0,"s":[21.531,4.493,0],"e":[19.757,-0.688,0],"to":[0,0,0],"ti":[0,0,0]},{"t":47}],"ix":2},"a":{"a":0,"k":[40.5,36,0],"ix":1},"s":{"a":0,"k":[100,100,100],"ix":6}},"ao":0,"ip":-12,"op":48,"st":-12,"bm":0},{"ddd":0,"ind":9,"ty":2,"nm":"图层 37 拷贝 8","parent":17,"refId":"image_7","sr":1,"ks":{"o":{"a":1,"k":[{"i":{"x":[0.667],"y":[0.704]},"o":{"x":[0.333],"y":[0]},"t":-12,"s":[0],"e":[100]},{"i":{"x":[0.833],"y":[1]},"o":{"x":[0.333],"y":[61.728]},"t":0,"s":[100],"e":[100]},{"i":{"x":[0.667],"y":[1]},"o":{"x":[0.333],"y":[0]},"t":25,"s":[100],"e":[0]},{"t":47}],"ix":11},"r":{"a":0,"k":0,"ix":10},"p":{"a":1,"k":[{"i":{"x":0.833,"y":0.833},"o":{"x":0.167,"y":0.167},"t":-12,"s":[38.083,3.286,0],"e":[35.887,-3.151,0],"to":[0,0,0],"ti":[0,0,0]},{"i":{"x":0.833,"y":0.833},"o":{"x":0.167,"y":0.167},"t":0,"s":[35.887,-3.151,0],"e":[33.943,-9.114,0],"to":[0,0,0],"ti":[0,0,0]},{"t":47}],"ix":2},"a":{"a":0,"k":[4,8.5,0],"ix":1},"s":{"a":0,"k":[100,100,100],"ix":6}},"ao":0,"ip":-12,"op":48,"st":-12,"bm":0},{"ddd":0,"ind":10,"ty":2,"nm":"图层 37 拷贝 7","parent":17,"refId":"image_8","sr":1,"ks":{"o":{"a":1,"k":[{"i":{"x":[0.667],"y":[0.704]},"o":{"x":[0.333],"y":[0]},"t":-12,"s":[0],"e":[100]},{"i":{"x":[0.833],"y":[1]},"o":{"x":[0.333],"y":[61.728]},"t":0,"s":[100],"e":[100]},{"i":{"x":[0.667],"y":[1]},"o":{"x":[0.333],"y":[0]},"t":25,"s":[100],"e":[0]},{"t":47}],"ix":11},"r":{"a":0,"k":0,"ix":10},"p":{"a":1,"k":[{"i":{"x":0.833,"y":0.833},"o":{"x":0.167,"y":0.167},"t":-12,"s":[27.083,-3.713,0],"e":[24.887,-10.15,0],"to":[0,0,0],"ti":[0,0,0]},{"i":{"x":0.833,"y":0.833},"o":{"x":0.167,"y":0.167},"t":0,"s":[24.887,-10.15,0],"e":[22.943,-16.114,0],"to":[0,0,0],"ti":[0,0,0]},{"t":47}],"ix":2},"a":{"a":0,"k":[4,10.5,0],"ix":1},"s":{"a":0,"k":[100,100,100],"ix":6}},"ao":0,"ip":-12,"op":48,"st":-12,"bm":0},{"ddd":0,"ind":11,"ty":2,"nm":"图层 30","parent":17,"refId":"image_9","sr":1,"ks":{"o":{"a":1,"k":[{"i":{"x":[0.667],"y":[0.704]},"o":{"x":[0.333],"y":[0]},"t":-12,"s":[0],"e":[100]},{"i":{"x":[0.833],"y":[1]},"o":{"x":[0.333],"y":[61.728]},"t":0,"s":[100],"e":[100]},{"i":{"x":[0.667],"y":[1]},"o":{"x":[0.333],"y":[0]},"t":25,"s":[100],"e":[0]},{"t":47}],"ix":11},"r":{"a":0,"k":0,"ix":10},"p":{"a":1,"k":[{"i":{"x":0.833,"y":0.833},"o":{"x":0.167,"y":0.167},"t":-12,"s":[20.083,8.287,0],"e":[17.887,1.849,0],"to":[0,0,0],"ti":[0,0,0]},{"i":{"x":0.833,"y":0.833},"o":{"x":0.167,"y":0.167},"t":0,"s":[17.887,1.849,0],"e":[15.944,-4.109,0],"to":[0,0,0],"ti":[0,0,0]},{"t":47}],"ix":2},"a":{"a":0,"k":[4,10.5,0],"ix":1},"s":{"a":0,"k":[100,100,100],"ix":6}},"ao":0,"ip":-12,"op":48,"st":-12,"bm":0},{"ddd":0,"ind":12,"ty":2,"nm":"烟 2","parent":17,"refId":"image_6","sr":1,"ks":{"o":{"a":1,"k":[{"i":{"x":[0.667],"y":[1]},"o":{"x":[0.333],"y":[0]},"t":25,"s":[0],"e":[100]},{"i":{"x":[0.833],"y":[1]},"o":{"x":[0.333],"y":[0]},"t":47,"s":[100],"e":[100]},{"i":{"x":[0.667],"y":[1]},"o":{"x":[0.333],"y":[0]},"t":89,"s":[100],"e":[0]},{"t":110}],"ix":11},"r":{"a":0,"k":0,"ix":10},"p":{"a":1,"k":[{"i":{"x":0.833,"y":0.833},"o":{"x":0.167,"y":0.167},"t":25,"s":[23.601,10.479,0],"e":[21.531,4.493,0],"to":[0,0,0],"ti":[0,0,0]},{"i":{"x":0.833,"y":0.833},"o":{"x":0.167,"y":0.167},"t":89,"s":[21.531,4.493,0],"e":[19.757,-0.688,0],"to":[0,0,0],"ti":[0,0,0]},{"t":110}],"ix":2},"a":{"a":0,"k":[40.5,36,0],"ix":1},"s":{"a":0,"k":[100,100,100],"ix":6}},"ao":0,"ip":25,"op":111,"st":66,"bm":0},{"ddd":0,"ind":13,"ty":2,"nm":"图层 37 拷贝 4","parent":17,"refId":"image_7","sr":1,"ks":{"o":{"a":1,"k":[{"i":{"x":[0.667],"y":[1]},"o":{"x":[0.333],"y":[0]},"t":25,"s":[0],"e":[100]},{"i":{"x":[0.833],"y":[1]},"o":{"x":[0.333],"y":[0]},"t":47,"s":[100],"e":[100]},{"i":{"x":[0.667],"y":[1]},"o":{"x":[0.333],"y":[0]},"t":89,"s":[100],"e":[0]},{"t":110}],"ix":11},"r":{"a":0,"k":0,"ix":10},"p":{"a":1,"k":[{"i":{"x":0.833,"y":0.833},"o":{"x":0.167,"y":0.167},"t":25,"s":[38.003,3.049,0],"e":[35.887,-3.151,0],"to":[0,0,0],"ti":[0,0,0]},{"i":{"x":0.833,"y":0.833},"o":{"x":0.167,"y":0.167},"t":89,"s":[35.887,-3.151,0],"e":[33.943,-9.114,0],"to":[0,0,0],"ti":[0,0,0]},{"t":110}],"ix":2},"a":{"a":0,"k":[4,8.5,0],"ix":1},"s":{"a":0,"k":[100,100,100],"ix":6}},"ao":0,"ip":25,"op":111,"st":66,"bm":0},{"ddd":0,"ind":14,"ty":2,"nm":"图层 37 拷贝 3","parent":17,"refId":"image_8","sr":1,"ks":{"o":{"a":1,"k":[{"i":{"x":[0.667],"y":[1]},"o":{"x":[0.333],"y":[0]},"t":25,"s":[0],"e":[100]},{"i":{"x":[0.833],"y":[1]},"o":{"x":[0.333],"y":[0]},"t":47,"s":[100],"e":[100]},{"i":{"x":[0.667],"y":[1]},"o":{"x":[0.333],"y":[0]},"t":89,"s":[100],"e":[0]},{"t":110}],"ix":11},"r":{"a":0,"k":0,"ix":10},"p":{"a":1,"k":[{"i":{"x":0.833,"y":0.833},"o":{"x":0.167,"y":0.167},"t":25,"s":[27.003,-3.95,0],"e":[24.887,-10.15,0],"to":[0,0,0],"ti":[0,0,0]},{"i":{"x":0.833,"y":0.833},"o":{"x":0.167,"y":0.167},"t":89,"s":[24.887,-10.15,0],"e":[22.943,-16.114,0],"to":[0,0,0],"ti":[0,0,0]},{"t":110}],"ix":2},"a":{"a":0,"k":[4,10.5,0],"ix":1},"s":{"a":0,"k":[100,100,100],"ix":6}},"ao":0,"ip":25,"op":111,"st":66,"bm":0},{"ddd":0,"ind":15,"ty":2,"nm":"图层 28","parent":17,"refId":"image_9","sr":1,"ks":{"o":{"a":1,"k":[{"i":{"x":[0.667],"y":[1]},"o":{"x":[0.333],"y":[0]},"t":25,"s":[0],"e":[100]},{"i":{"x":[0.833],"y":[1]},"o":{"x":[0.333],"y":[0]},"t":47,"s":[100],"e":[100]},{"i":{"x":[0.667],"y":[1]},"o":{"x":[0.333],"y":[0]},"t":89,"s":[100],"e":[0]},{"t":110}],"ix":11},"r":{"a":0,"k":0,"ix":10},"p":{"a":1,"k":[{"i":{"x":0.833,"y":0.833},"o":{"x":0.167,"y":0.167},"t":25,"s":[20.003,8.05,0],"e":[17.887,1.849,0],"to":[0,0,0],"ti":[0,0,0]},{"i":{"x":0.833,"y":0.833},"o":{"x":0.167,"y":0.167},"t":89,"s":[17.887,1.849,0],"e":[15.944,-4.109,0],"to":[0,0,0],"ti":[0,0,0]},{"t":110}],"ix":2},"a":{"a":0,"k":[4,10.5,0],"ix":1},"s":{"a":0,"k":[100,100,100],"ix":6}},"ao":0,"ip":25,"op":111,"st":66,"bm":0},{"ddd":0,"ind":16,"ty":2,"nm":"右手 2","parent":18,"refId":"image_10","sr":1,"ks":{"o":{"a":0,"k":100,"ix":11},"r":{"a":1,"k":[{"i":{"x":[0.667],"y":[1]},"o":{"x":[0.333],"y":[0]},"t":22,"s":[0],"e":[22.2]},{"i":{"x":[0.667],"y":[1]},"o":{"x":[0.333],"y":[0]},"t":35,"s":[22.2],"e":[0]},{"i":{"x":[0.833],"y":[1]},"o":{"x":[0.167],"y":[0]},"t":62,"s":[0],"e":[0]},{"i":{"x":[0.667],"y":[1]},"o":{"x":[0.333],"y":[0]},"t":91,"s":[0],"e":[22.2]},{"i":{"x":[0.667],"y":[1]},"o":{"x":[0.333],"y":[0]},"t":104,"s":[22.2],"e":[0]},{"t":131}],"ix":10},"p":{"a":1,"k":[{"i":{"x":0.667,"y":1},"o":{"x":0.333,"y":0},"t":22,"s":[68,15,0],"e":[90.246,8.272,0],"to":[0,0,0],"ti":[0,0,0]},{"i":{"x":0.667,"y":1},"o":{"x":0.333,"y":0},"t":35,"s":[90.246,8.272,0],"e":[68,15,0],"to":[0,0,0],"ti":[0,0,0]},{"i":{"x":0.833,"y":0.833},"o":{"x":0.167,"y":0.167},"t":62,"s":[68,15,0],"e":[68,15,0],"to":[0,0,0],"ti":[0,0,0]},{"i":{"x":0.667,"y":1},"o":{"x":0.333,"y":0},"t":91,"s":[68,15,0],"e":[90.246,8.272,0],"to":[0,0,0],"ti":[0,0,0]},{"i":{"x":0.667,"y":1},"o":{"x":0.333,"y":0},"t":104,"s":[90.246,8.272,0],"e":[68,15,0],"to":[0,0,0],"ti":[0,0,0]},{"i":{"x":0.833,"y":0.833},"o":{"x":0.167,"y":0.167},"t":131,"s":[68,15,0],"e":[68,15,0],"to":[0,0,0],"ti":[0,0,0]},{"i":{"x":0.667,"y":1},"o":{"x":0.333,"y":0},"t":162,"s":[68,15,0],"e":[90.246,8.272,0],"to":[0,0,0],"ti":[0,0,0]},{"i":{"x":0.667,"y":1},"o":{"x":0.333,"y":0},"t":175,"s":[90.246,8.272,0],"e":[68,15,0],"to":[0,0,0],"ti":[0,0,0]},{"t":202}],"ix":2},"a":{"a":0,"k":[30.5,55,0],"ix":1},"s":{"a":0,"k":[100,100,100],"ix":6}},"ao":0,"ip":0,"op":210,"st":0,"bm":0},{"ddd":0,"ind":17,"ty":2,"nm":"茶杯","parent":16,"refId":"image_11","sr":1,"ks":{"o":{"a":0,"k":100,"ix":11},"r":{"a":1,"k":[{"i":{"x":[0.667],"y":[1]},"o":{"x":[0.167],"y":[0]},"t":22,"s":[19.1],"e":[9.9]},{"i":{"x":[0.624],"y":[1.139]},"o":{"x":[0.263],"y":[0]},"t":35,"s":[9.9],"e":[-1.308]},{"i":{"x":[0.758],"y":[1]},"o":{"x":[0.349],"y":[0.089]},"t":47,"s":[-1.308],"e":[19.1]},{"i":{"x":[0.833],"y":[1]},"o":{"x":[0.167],"y":[0]},"t":62,"s":[19.1],"e":[19.1]},{"i":{"x":[0.667],"y":[1]},"o":{"x":[0.167],"y":[0]},"t":91,"s":[19.1],"e":[9.9]},{"i":{"x":[0.624],"y":[1.139]},"o":{"x":[0.263],"y":[0]},"t":104,"s":[9.9],"e":[-1.308]},{"i":{"x":[0.758],"y":[1]},"o":{"x":[0.349],"y":[0.089]},"t":116,"s":[-1.308],"e":[19.1]},{"i":{"x":[0.833],"y":[1]},"o":{"x":[0.167],"y":[0]},"t":131,"s":[19.1],"e":[19.1]},{"i":{"x":[0.667],"y":[1]},"o":{"x":[0.167],"y":[0]},"t":162,"s":[19.1],"e":[9.9]},{"i":{"x":[0.624],"y":[1.139]},"o":{"x":[0.263],"y":[0]},"t":175,"s":[9.9],"e":[-1.308]},{"i":{"x":[0.758],"y":[1]},"o":{"x":[0.349],"y":[0.089]},"t":187,"s":[-1.308],"e":[19.1]},{"t":202}],"ix":10},"p":{"a":0,"k":[45,28,0],"ix":2},"a":{"a":0,"k":[8,33,0],"ix":1},"s":{"a":0,"k":[100,100,100],"ix":6}},"ao":0,"ip":-1,"op":219,"st":5,"bm":0},{"ddd":0,"ind":18,"ty":4,"nm":"右胳膊","parent":7,"sr":1,"ks":{"o":{"a":0,"k":100,"ix":11},"r":{"a":1,"k":[{"i":{"x":[0.667],"y":[1]},"o":{"x":[0.333],"y":[0]},"t":22,"s":[0],"e":[-7.4]},{"i":{"x":[0.667],"y":[1]},"o":{"x":[0.333],"y":[0]},"t":35,"s":[-7.4],"e":[11.4]},{"i":{"x":[0.833],"y":[1]},"o":{"x":[0.167],"y":[0]},"t":47,"s":[11.4],"e":[0]},{"i":{"x":[0.833],"y":[1]},"o":{"x":[0.167],"y":[0]},"t":62,"s":[0],"e":[0]},{"i":{"x":[0.667],"y":[1]},"o":{"x":[0.333],"y":[0]},"t":91,"s":[0],"e":[-7.4]},{"i":{"x":[0.667],"y":[1]},"o":{"x":[0.333],"y":[0]},"t":104,"s":[-7.4],"e":[11.4]},{"i":{"x":[0.833],"y":[1]},"o":{"x":[0.167],"y":[0]},"t":116,"s":[11.4],"e":[0]},{"i":{"x":[0.833],"y":[1]},"o":{"x":[0.167],"y":[0]},"t":131,"s":[0],"e":[0]},{"i":{"x":[0.667],"y":[1]},"o":{"x":[0.333],"y":[0]},"t":162,"s":[0],"e":[-7.4]},{"i":{"x":[0.667],"y":[1]},"o":{"x":[0.333],"y":[0]},"t":175,"s":[-7.4],"e":[11.4]},{"i":{"x":[0.833],"y":[1]},"o":{"x":[0.167],"y":[0]},"t":187,"s":[11.4],"e":[0]},{"t":202}],"ix":10},"p":{"a":0,"k":[128.349,66.036,0],"ix":2},"a":{"a":0,"k":[18.75,17.254,0],"ix":1},"s":{"a":0,"k":[100,100,100],"ix":6}},"ao":0,"shapes":[{"ty":"gr","it":[{"ind":0,"ty":"sh","ix":1,"ks":{"a":1,"k":[{"i":{"x":0.667,"y":1},"o":{"x":0.333,"y":0},"t":22,"s":[{"i":[[0,0],[0,0],[-9.515,-10.516],[-12.708,4.13],[-1.75,10.25],[0,0],[3.25,-0.5],[12.75,-4.125]],"o":[[0,0],[0,0],[9.5,10.5],[10,-3.25],[1.75,-10.25],[0,0],[0.375,1.625],[-16,6.5]],"v":[[24,11.25],[13.5,16],[26.75,42.25],[58.25,54.5],[75.5,35],[75,15.125],[62.875,16.5],[54,41.75]],"c":true}],"e":[{"i":[[0,0],[0,0],[-11.02,-8.927],[-13.322,3.108],[-4.204,9.51],[0,0],[3.25,-0.5],[14.262,-2.546]],"o":[[0,0],[0,0],[12.301,9.965],[10.24,-2.389],[3.438,-7.777],[0,0],[0.375,1.625],[-20.436,7.112]],"v":[[24,11.25],[13.5,16],[33.9,34.444],[70.62,46.919],[93.259,26.56],[97.53,9.702],[85.093,11.619],[68.046,35.109]],"c":true}]},{"i":{"x":0.667,"y":1},"o":{"x":0.333,"y":0},"t":35,"s":[{"i":[[0,0],[0,0],[-11.02,-8.927],[-13.322,3.108],[-4.204,9.51],[0,0],[3.25,-0.5],[14.262,-2.546]],"o":[[0,0],[0,0],[12.301,9.965],[10.24,-2.389],[3.438,-7.777],[0,0],[0.375,1.625],[-20.436,7.112]],"v":[[24,11.25],[13.5,16],[33.9,34.444],[70.62,46.919],[93.259,26.56],[97.53,9.702],[85.093,11.619],[68.046,35.109]],"c":true}],"e":[{"i":[[0,0],[0,0],[-9.515,-10.516],[-12.708,4.13],[-1.75,10.25],[0,0],[3.25,-0.5],[12.75,-4.125]],"o":[[0,0],[0,0],[9.5,10.5],[10,-3.25],[1.75,-10.25],[0,0],[0.375,1.625],[-16,6.5]],"v":[[24,11.25],[13.5,16],[26.75,42.25],[58.25,54.5],[75.5,35],[75,15.125],[62.875,16.5],[54,41.75]],"c":true}]},{"i":{"x":0.833,"y":1},"o":{"x":0.167,"y":0},"t":62,"s":[{"i":[[0,0],[0,0],[-9.515,-10.516],[-12.708,4.13],[-1.75,10.25],[0,0],[3.25,-0.5],[12.75,-4.125]],"o":[[0,0],[0,0],[9.5,10.5],[10,-3.25],[1.75,-10.25],[0,0],[0.375,1.625],[-16,6.5]],"v":[[24,11.25],[13.5,16],[26.75,42.25],[58.25,54.5],[75.5,35],[75,15.125],[62.875,16.5],[54,41.75]],"c":true}],"e":[{"i":[[0,0],[0,0],[-9.515,-10.516],[-12.708,4.13],[-1.75,10.25],[0,0],[3.25,-0.5],[12.75,-4.125]],"o":[[0,0],[0,0],[9.5,10.5],[10,-3.25],[1.75,-10.25],[0,0],[0.375,1.625],[-16,6.5]],"v":[[24,11.25],[13.5,16],[26.75,42.25],[58.25,54.5],[75.5,35],[75,15.125],[62.875,16.5],[54,41.75]],"c":true}]},{"i":{"x":0.667,"y":1},"o":{"x":0.333,"y":0},"t":91,"s":[{"i":[[0,0],[0,0],[-9.515,-10.516],[-12.708,4.13],[-1.75,10.25],[0,0],[3.25,-0.5],[12.75,-4.125]],"o":[[0,0],[0,0],[9.5,10.5],[10,-3.25],[1.75,-10.25],[0,0],[0.375,1.625],[-16,6.5]],"v":[[24,11.25],[13.5,16],[26.75,42.25],[58.25,54.5],[75.5,35],[75,15.125],[62.875,16.5],[54,41.75]],"c":true}],"e":[{"i":[[0,0],[0,0],[-11.02,-8.927],[-13.322,3.108],[-4.204,9.51],[0,0],[3.25,-0.5],[14.262,-2.546]],"o":[[0,0],[0,0],[12.301,9.965],[10.24,-2.389],[3.438,-7.777],[0,0],[0.375,1.625],[-20.436,7.112]],"v":[[24,11.25],[13.5,16],[33.9,34.444],[70.62,46.919],[93.259,26.56],[97.53,9.702],[85.093,11.619],[68.046,35.109]],"c":true}]},{"i":{"x":0.667,"y":1},"o":{"x":0.333,"y":0},"t":104,"s":[{"i":[[0,0],[0,0],[-11.02,-8.927],[-13.322,3.108],[-4.204,9.51],[0,0],[3.25,-0.5],[14.262,-2.546]],"o":[[0,0],[0,0],[12.301,9.965],[10.24,-2.389],[3.438,-7.777],[0,0],[0.375,1.625],[-20.436,7.112]],"v":[[24,11.25],[13.5,16],[33.9,34.444],[70.62,46.919],[93.259,26.56],[97.53,9.702],[85.093,11.619],[68.046,35.109]],"c":true}],"e":[{"i":[[0,0],[0,0],[-9.515,-10.516],[-12.708,4.13],[-1.75,10.25],[0,0],[3.25,-0.5],[12.75,-4.125]],"o":[[0,0],[0,0],[9.5,10.5],[10,-3.25],[1.75,-10.25],[0,0],[0.375,1.625],[-16,6.5]],"v":[[24,11.25],[13.5,16],[26.75,42.25],[58.25,54.5],[75.5,35],[75,15.125],[62.875,16.5],[54,41.75]],"c":true}]},{"i":{"x":0.833,"y":1},"o":{"x":0.167,"y":0},"t":131,"s":[{"i":[[0,0],[0,0],[-9.515,-10.516],[-12.708,4.13],[-1.75,10.25],[0,0],[3.25,-0.5],[12.75,-4.125]],"o":[[0,0],[0,0],[9.5,10.5],[10,-3.25],[1.75,-10.25],[0,0],[0.375,1.625],[-16,6.5]],"v":[[24,11.25],[13.5,16],[26.75,42.25],[58.25,54.5],[75.5,35],[75,15.125],[62.875,16.5],[54,41.75]],"c":true}],"e":[{"i":[[0,0],[0,0],[-9.515,-10.516],[-12.708,4.13],[-1.75,10.25],[0,0],[3.25,-0.5],[12.75,-4.125]],"o":[[0,0],[0,0],[9.5,10.5],[10,-3.25],[1.75,-10.25],[0,0],[0.375,1.625],[-16,6.5]],"v":[[24,11.25],[13.5,16],[26.75,42.25],[58.25,54.5],[75.5,35],[75,15.125],[62.875,16.5],[54,41.75]],"c":true}]},{"i":{"x":0.667,"y":1},"o":{"x":0.333,"y":0},"t":162,"s":[{"i":[[0,0],[0,0],[-9.515,-10.516],[-12.708,4.13],[-1.75,10.25],[0,0],[3.25,-0.5],[12.75,-4.125]],"o":[[0,0],[0,0],[9.5,10.5],[10,-3.25],[1.75,-10.25],[0,0],[0.375,1.625],[-16,6.5]],"v":[[24,11.25],[13.5,16],[26.75,42.25],[58.25,54.5],[75.5,35],[75,15.125],[62.875,16.5],[54,41.75]],"c":true}],"e":[{"i":[[0,0],[0,0],[-11.02,-8.927],[-13.322,3.108],[-4.204,9.51],[0,0],[3.25,-0.5],[14.262,-2.546]],"o":[[0,0],[0,0],[12.301,9.965],[10.24,-2.389],[3.438,-7.777],[0,0],[0.375,1.625],[-20.436,7.112]],"v":[[24,11.25],[13.5,16],[33.9,34.444],[70.62,46.919],[93.259,26.56],[97.53,9.702],[85.093,11.619],[68.046,35.109]],"c":true}]},{"i":{"x":0.667,"y":1},"o":{"x":0.333,"y":0},"t":175,"s":[{"i":[[0,0],[0,0],[-11.02,-8.927],[-13.322,3.108],[-4.204,9.51],[0,0],[3.25,-0.5],[14.262,-2.546]],"o":[[0,0],[0,0],[12.301,9.965],[10.24,-2.389],[3.438,-7.777],[0,0],[0.375,1.625],[-20.436,7.112]],"v":[[24,11.25],[13.5,16],[33.9,34.444],[70.62,46.919],[93.259,26.56],[97.53,9.702],[85.093,11.619],[68.046,35.109]],"c":true}],"e":[{"i":[[0,0],[0,0],[-9.515,-10.516],[-12.708,4.13],[-1.75,10.25],[0,0],[3.25,-0.5],[12.75,-4.125]],"o":[[0,0],[0,0],[9.5,10.5],[10,-3.25],[1.75,-10.25],[0,0],[0.375,1.625],[-16,6.5]],"v":[[24,11.25],[13.5,16],[26.75,42.25],[58.25,54.5],[75.5,35],[75,15.125],[62.875,16.5],[54,41.75]],"c":true}]},{"t":202}],"ix":2},"nm":"路径 1","mn":"ADBE Vector Shape - Group","hd":false},{"ty":"st","c":{"a":0,"k":[1,1,1,1],"ix":3},"o":{"a":0,"k":100,"ix":4},"w":{"a":0,"k":0,"ix":5},"lc":1,"lj":1,"ml":4,"bm":0,"nm":"描边 1","mn":"ADBE Vector Graphic - Stroke","hd":false},{"ty":"fl","c":{"a":0,"k":[0,0,0,1],"ix":4},"o":{"a":0,"k":100,"ix":5},"r":1,"bm":0,"nm":"填充 1","mn":"ADBE Vector Graphic - Fill","hd":false},{"ty":"tr","p":{"a":0,"k":[0,0],"ix":2},"a":{"a":0,"k":[0,0],"ix":1},"s":{"a":0,"k":[100,100],"ix":3},"r":{"a":0,"k":0,"ix":6},"o":{"a":0,"k":100,"ix":7},"sk":{"a":0,"k":0,"ix":4},"sa":{"a":0,"k":0,"ix":5},"nm":"变换"}],"nm":"形状 1","np":3,"cix":2,"bm":0,"ix":1,"mn":"ADBE Vector Group","hd":false}],"ip":0,"op":210,"st":0,"bm":0}],"markers":[]}